year,state,office,surname,party,how,note
1998,AZ,Governor,hull,REP,succeeded,Jane Dee Hull succeeded Symington Sep 1997
1998,MA,Governor,cellucci,REP,succeeded,Paul Cellucci acting governor from Jul 1997
1998,AR,Governor,huckabee,REP,succeeded,Mike Huckabee succeeded Tucker Jul 1996
2002,MO,Senate,carnahan,DEM,appointed,Jean Carnahan appointed Jan 2001
2002,WI,Governor,mccallum,REP,succeeded,Scott McCallum succeeded Thompson Feb 2001
2004,AK,Senate,murkowski,REP,appointed,Lisa Murkowski appointed Dec 2002
2006,NJ,Senate,menendez,DEM,appointed,Bob Menendez appointed Jan 2006
2006,CT,Governor,rell,REP,succeeded,Jodi Rell succeeded Rowland Jul 2004
2006,NE,Governor,heineman,REP,succeeded,Dave Heineman succeeded Johanns Jan 2005
2008,MS,Senate,wicker,REP,appointed,Roger Wicker appointed Dec 2007
2008,WY,Senate,barrasso,REP,appointed,John Barrasso appointed Jun 2007
2010,CO,Senate,bennet,DEM,appointed,Michael Bennet appointed Jan 2009
2010,NY,Senate,gillibrand,DEM,appointed,Kirsten Gillibrand appointed Jan 2009
2010,AZ,Governor,brewer,REP,succeeded,Jan Brewer succeeded Napolitano Jan 2009
2010,IL,Governor,quinn,DEM,succeeded,Pat Quinn succeeded Blagojevich Jan 2009
2010,AK,Governor,parnell,REP,succeeded,Sean Parnell succeeded Palin Jul 2009
2010,UT,Governor,herbert,REP,succeeded,Gary Herbert succeeded Huntsman Aug 2009
2012,NV,Senate,heller,REP,appointed,Dean Heller appointed May 2011
2014,HI,Senate,schatz,DEM,appointed,Brian Schatz appointed Dec 2012
2014,SC,Senate,scott,REP,appointed,Tim Scott appointed Jan 2013
2016,OR,Governor,brown,DEM,succeeded,Kate Brown succeeded Kitzhaber Feb 2015
2018,MN,Senate,smith,DEM,appointed,Tina Smith appointed Jan 2018
2018,MS,Senate,hydesmith,REP,appointed,Cindy Hyde-Smith appointed Apr 2018
2018,AL,Governor,ivey,REP,succeeded,Kay Ivey succeeded Bentley Apr 2017
2018,IA,Governor,reynolds,REP,succeeded,Kim Reynolds succeeded Branstad May 2017
2018,SC,Governor,mcmaster,REP,succeeded,Henry McMaster succeeded Haley Jan 2017
2020,GA,Senate,loeffler,REP,appointed,Kelly Loeffler appointed Jan 2020
2020,AZ,Senate,mcsally,REP,appointed,Martha McSally appointed Jan 2019
2020,MO,Governor,parson,REP,succeeded,Mike Parson succeeded Greitens Jun 2018
2022,CA,Senate,padilla,DEM,appointed,Alex Padilla appointed Jan 2021
2022,NY,Governor,hochul,DEM,succeeded,Kathy Hochul succeeded Cuomo Aug 2021
2022,RI,Governor,mckee,DEM,succeeded,Dan McKee succeeded Raimondo Mar 2021
2024,NE,Senate,ricketts,REP,appointed,Pete Ricketts appointed Jan 2023
2026,FL,Senate,moody,REP,appointed,Ashley Moody appointed Jan 2025 (special)
2026,OH,Senate,husted,REP,appointed,Jon Husted appointed Jan 2025 (special)
2026,SC,Senate,graham,REP,appointed,Darline Graham appointed Jul 2026 after Lindsey Graham's death
