date,value,metric
1993-01-01,56.0,approval
1993-02-01,55.0,approval
1993-03-01,52.5,approval
1993-04-01,55.0,approval
1993-05-01,44.5,approval
1993-06-01,40.7,approval
1993-07-01,43.0,approval
1993-08-01,44.0,approval
1993-09-01,49.7,approval
1993-10-01,48.3,approval
1993-11-01,48.7,approval
1993-12-01,53.0,approval
1994-01-01,55.3,approval
1994-02-01,53.0,approval
1994-03-01,50.8,approval
1994-04-01,49.5,approval
1994-05-01,51.0,approval
1994-06-01,46.3,approval
1994-07-01,42.5,approval
1994-08-01,41.0,approval
1994-09-01,41.3,approval
1994-10-01,43.7,approval
1994-11-01,44.5,approval
1994-12-01,41.3,approval
1995-01-01,47.0,approval
1995-02-01,45.5,approval
1995-03-01,45.0,approval
1995-04-01,48.0,approval
1995-05-01,51.0,approval
1995-06-01,47.0,approval
1995-07-01,47.0,approval
1995-08-01,46.0,approval
1995-09-01,46.0,approval
1995-10-01,47.5,approval
1995-11-01,52.5,approval
1995-12-01,51.0,approval
1996-01-01,46.7,approval
1996-02-01,53.0,approval
1996-03-01,53.0,approval
1996-04-01,55.0,approval
1996-05-01,54.0,approval
1996-06-01,55.0,approval
1996-07-01,57.5,approval
1996-08-01,54.0,approval
1996-09-01,60.0,approval
1996-10-01,56.3,approval
1996-11-01,58.0,approval
1996-12-01,58.0,approval
1997-01-01,60.0,approval
1997-02-01,58.5,approval
1997-03-01,59.0,approval
1997-04-01,54.0,approval
1997-05-01,57.0,approval
1997-06-01,56.0,approval
1997-07-01,58.0,approval
1997-08-01,60.5,approval
1997-09-01,59.5,approval
1997-10-01,57.0,approval
1997-11-01,60.0,approval
1997-12-01,56.0,approval
1998-01-01,59.0,approval
1998-02-01,67.0,approval
1998-03-01,64.5,approval
1998-04-01,63.0,approval
1998-05-01,64.0,approval
1998-06-01,60.0,approval
1998-07-01,62.0,approval
1998-08-01,63.7,approval
1998-09-01,64.0,approval
1998-10-01,64.3,approval
1998-11-01,66.0,approval
1998-12-01,66.5,approval
1999-01-01,68.3,approval
1999-02-01,66.2,approval
1999-03-01,64.5,approval
1999-04-01,59.7,approval
1999-05-01,57.7,approval
1999-06-01,59.0,approval
1999-07-01,60.3,approval
1999-08-01,59.7,approval
1999-09-01,59.5,approval
1999-10-01,57.5,approval
1999-11-01,58.5,approval
1999-12-01,56.5,approval
2000-01-01,62.0,approval
2000-02-01,60.7,approval
2000-03-01,59.5,approval
2000-04-01,60.5,approval
2000-05-01,57.0,approval
2000-06-01,57.5,approval
2000-07-01,58.3,approval
2000-08-01,59.0,approval
2000-09-01,61.0,approval
2000-10-01,57.5,approval
2000-11-01,63.0,approval
2000-12-01,63.0,approval
2001-01-01,65.5,approval
2001-02-01,58.7,approval
2001-03-01,58.0,approval
2001-04-01,60.5,approval
2001-05-01,55.0,approval
2001-06-01,55.0,approval
2001-07-01,55.0,approval
2001-08-01,56.0,approval
2001-09-01,75.7,approval
2001-10-01,88.0,approval
2001-11-01,87.0,approval
2001-12-01,86.0,approval
2002-01-01,83.7,approval
2002-02-01,82.0,approval
2002-03-01,79.2,approval
2002-04-01,76.0,approval
2002-05-01,76.5,approval
2002-06-01,73.4,approval
2002-07-01,71.6,approval
2002-08-01,66.5,approval
2002-09-01,67.2,approval
2002-10-01,65.3,approval
2002-11-01,65.5,approval
2002-12-01,62.8,approval
2003-01-01,60.0,approval
2003-02-01,59.2,approval
2003-03-01,65.2,approval
2003-04-01,70.0,approval
2003-05-01,67.5,approval
2003-06-01,62.5,approval
2003-07-01,59.7,approval
2003-08-01,59.5,approval
2003-09-01,51.0,approval
2003-10-01,54.7,approval
2003-11-01,51.7,approval
2003-12-01,58.0,approval
2004-01-01,57.3,approval
2004-02-01,50.8,approval
2004-03-01,50.7,approval
2004-04-01,52.0,approval
2004-05-01,47.3,approval
2004-06-01,48.5,approval
2004-07-01,48.0,approval
2004-08-01,49.3,approval
2004-09-01,52.7,approval
2004-10-01,49.2,approval
2004-11-01,54.0,approval
2004-12-01,51.0,approval
2005-01-01,51.7,approval
2005-02-01,52.2,approval
2005-03-01,49.7,approval
2005-04-01,48.7,approval
2005-05-01,48.0,approval
2005-06-01,46.2,approval
2005-07-01,47.3,approval
2005-08-01,43.8,approval
2005-09-01,43.8,approval
2005-10-01,40.7,approval
2005-11-01,38.3,approval
2005-12-01,42.2,approval
2006-01-01,43.0,approval
2006-02-01,40.5,approval
2006-03-01,37.0,approval
2006-04-01,35.7,approval
2006-05-01,32.0,approval
2006-06-01,37.0,approval
2006-07-01,39.0,approval
2006-08-01,39.5,approval
2006-09-01,41.5,approval
2006-10-01,37.0,approval
2006-11-01,37.5,approval
2006-12-01,36.5,approval
2007-01-01,35.7,approval
2007-02-01,34.5,approval
2007-03-01,34.0,approval
2007-04-01,37.0,approval
2007-05-01,33.5,approval
2007-06-01,32.0,approval
2007-07-01,30.0,approval
2007-08-01,33.0,approval
2007-09-01,34.5,approval
2007-10-01,32.0,approval
2007-11-01,31.5,approval
2007-12-01,34.3,approval
2008-01-01,33.0,approval
2008-02-01,32.5,approval
2008-03-01,32.0,approval
2008-04-01,28.0,approval
2008-05-01,28.5,approval
2008-06-01,28.7,approval
2008-07-01,31.5,approval
2008-08-01,31.0,approval
2008-09-01,30.3,approval
2008-10-01,27.0,approval
2008-11-01,27.3,approval
2008-12-01,30.5,approval
2009-01-01,50.5,approval
2009-02-01,64.2,approval
2009-03-01,62.4,approval
2009-04-01,62.5,approval
2009-05-01,64.4,approval
2009-06-01,60.5,approval
2009-07-01,58.2,approval
2009-08-01,53.2,approval
2009-09-01,52.0,approval
2009-10-01,52.8,approval
2009-11-01,51.4,approval
2009-12-01,50.0,approval
2010-01-01,49.8,approval
2010-02-01,50.0,approval
2010-03-01,48.5,approval
2010-04-01,48.5,approval
2010-05-01,48.2,approval
2010-06-01,46.2,approval
2010-07-01,45.8,approval
2010-08-01,44.0,approval
2010-09-01,45.2,approval
2010-10-01,45.2,approval
2010-11-01,45.0,approval
2010-12-01,46.0,approval
2011-01-01,49.0,approval
2011-02-01,47.8,approval
2011-03-01,46.5,approval
2011-04-01,44.8,approval
2011-05-01,48.6,approval
2011-06-01,46.5,approval
2011-07-01,44.2,approval
2011-08-01,40.5,approval
2011-09-01,41.5,approval
2011-10-01,41.2,approval
2011-11-01,43.0,approval
2011-12-01,43.0,approval
2012-01-01,44.6,approval
2012-02-01,45.8,approval
2012-03-01,46.2,approval
2012-04-01,47.2,approval
2012-05-01,47.5,approval
2012-06-01,46.2,approval
2012-07-01,46.0,approval
2012-08-01,45.2,approval
2012-09-01,48.2,approval
2012-10-01,50.5,approval
2012-11-01,52.0,approval
2012-12-01,52.6,approval
2013-01-01,52.2,approval
2013-02-01,51.8,approval
2013-03-01,48.2,approval
2013-04-01,49.5,approval
2013-05-01,49.2,approval
2013-06-01,47.2,approval
2013-07-01,46.2,approval
2013-08-01,45.2,approval
2013-09-01,44.4,approval
2013-10-01,43.0,approval
2013-11-01,40.8,approval
2013-12-01,41.6,approval
2014-01-01,41.0,approval
2014-02-01,42.0,approval
2014-03-01,42.4,approval
2014-04-01,43.8,approval
2014-05-01,44.0,approval
2014-06-01,42.6,approval
2014-07-01,42.2,approval
2014-08-01,41.8,approval
2014-09-01,41.5,approval
2014-10-01,41.8,approval
2014-11-01,41.8,approval
2014-12-01,43.8,approval
2015-01-01,46.8,approval
2015-02-01,46.5,approval
2015-03-01,45.8,approval
2015-04-01,46.5,approval
2015-05-01,47.0,approval
2015-06-01,45.8,approval
2015-07-01,46.0,approval
2015-08-01,45.6,approval
2015-09-01,46.5,approval
2015-10-01,46.2,approval
2015-11-01,47.0,approval
2015-12-01,46.2,approval
2016-01-01,47.2,approval
2016-02-01,47.8,approval
2016-03-01,51.0,approval
2016-04-01,50.2,approval
2016-05-01,51.4,approval
2016-06-01,51.8,approval
2016-07-01,50.6,approval
2016-08-01,51.5,approval
2016-09-01,52.0,approval
2016-10-01,53.6,approval
2016-11-01,55.5,approval
2016-12-01,55.8,approval
2017-01-01,54.2,approval
2017-02-01,41.5,approval
2017-03-01,41.0,approval
2017-04-01,40.0,approval
2017-05-01,39.8,approval
2017-06-01,38.0,approval
2017-07-01,38.2,approval
2017-08-01,36.2,approval
2017-09-01,37.2,approval
2017-10-01,36.6,approval
2017-11-01,37.8,approval
2017-12-01,36.4,approval
2018-01-01,37.2,approval
2018-02-01,39.0,approval
2018-03-01,39.2,approval
2018-04-01,40.0,approval
2018-05-01,41.8,approval
2018-06-01,42.2,approval
2018-07-01,41.6,approval
2018-08-01,40.8,approval
2018-09-01,40.2,approval
2018-10-01,42.8,approval
2018-11-01,39.8,approval
2018-12-01,39.2,approval
2019-01-01,37.0,approval
2019-02-01,43.5,approval
2019-03-01,39.0,approval
2019-04-01,45.5,approval
2019-05-01,41.0,approval
2019-06-01,42.0,approval
2019-07-01,43.0,approval
2019-08-01,40.0,approval
2019-09-01,41.5,approval
2019-10-01,40.0,approval
2019-11-01,43.0,approval
2019-12-01,45.0,approval
2020-01-01,46.5,approval
2020-02-01,48.0,approval
2020-03-01,46.5,approval
2020-04-01,46.0,approval
2020-05-01,49.0,approval
2020-06-01,38.5,approval
2020-07-01,41.0,approval
2020-08-01,42.0,approval
2020-09-01,44.0,approval
2020-10-01,44.5,approval
2020-11-01,43.0,approval
2020-12-01,39.0,approval
2021-01-01,34.0,approval
2021-02-01,56.5,approval
2021-03-01,54.0,approval
2021-04-01,57.0,approval
2021-05-01,54.0,approval
2021-06-01,56.0,approval
2021-07-01,50.0,approval
2021-08-01,49.0,approval
2021-09-01,43.0,approval
2021-10-01,42.0,approval
2021-11-01,42.0,approval
2021-12-01,43.0,approval
2022-01-01,40.0,approval
2022-02-01,41.0,approval
2022-03-01,42.0,approval
2022-04-01,41.0,approval
2022-05-01,41.0,approval
2022-06-01,41.0,approval
2022-07-01,38.0,approval
2022-08-01,44.0,approval
2022-09-01,42.0,approval
2022-10-01,40.0,approval
2022-12-01,40.0,approval
2023-01-01,41.0,approval
2023-02-01,42.0,approval
2023-03-01,40.0,approval
2023-04-01,37.0,approval
2023-05-01,39.0,approval
2023-06-01,43.0,approval
2023-07-01,40.0,approval
2023-08-01,42.0,approval
2023-09-01,41.0,approval
2023-10-01,37.0,approval
2023-11-01,37.0,approval
2023-12-01,39.0,approval
2024-01-01,41.0,approval
2024-03-01,40.0,approval
2024-04-01,38.0,approval
2024-05-01,39.0,approval
2024-06-01,38.0,approval
2024-07-01,36.0,approval
2024-08-01,43.0,approval
2024-09-01,42.0,approval
2024-10-01,40.0,approval
2024-11-01,37.0,approval
2024-12-01,39.0,approval
2025-01-01,49.9,approval
2025-02-01,48.4,approval
2025-03-01,47.4,approval
2025-04-01,44.6,approval
2025-05-01,45.6,approval
2025-06-01,45.0,approval
2025-07-01,43.8,approval
2025-08-01,44.0,approval
2025-09-01,43.6,approval
2025-10-01,43.1,approval
2025-11-01,41.4,approval
2025-12-01,42.9,approval
2026-01-01,41.6,approval
2026-02-01,41.8,approval
2026-03-01,40.5,approval
2026-04-01,39.4,approval
2026-05-01,39.2,approval
2026-06-01,39.5,approval
