candidate,state,office_level,bio_prior_candidacy,offices_json,src_url
Dianne Feinstein,CA,4.0,0,"[[""U.S. Senate California"", 1992, 2023], [""Mayor of San Francisco"", 1978, 1988]]",https://ballotpedia.org/Dianne_Feinstein
William L. Enyart,IL,4.0,0,"[[""U.S. House Illinois District 12"", 2013, 2015]]",https://ballotpedia.org/William_Enyart
Mike Pence,IN,4.0,0,"[[""Governor of Indiana"", 2013, 2017], [""U.S. House Indiana District 6"", 2003, 2013], [""U.S. House Indiana District 2"", 2001, 2003]]",https://ballotpedia.org/Mike_Pence
Debbie Stabenow,MI,4.0,0,"[[""U.S. Senate Michigan"", 2001, 2025], [""U.S. House Michigan District 8"", 1997, 2001], [""Michigan State Senate"", 1991, 1994]]",https://ballotpedia.org/Debbie_Stabenow
Amy Klobuchar,MN,4.0,0,"[[""U.S. Senate Minnesota"", 2007, null]]",https://ballotpedia.org/Amy_Klobuchar
Jack Dalrymple,ND,3.0,0,"[[""Governor of North Dakota"", 2010, 2016], [""Lieutenant Governor of North Dakota"", 2000, 2010]]",https://ballotpedia.org/Jack_Dalrymple
William L. Owens,NY,4.0,0,"[[""U.S. House New York District 21"", 2009, 2015]]",https://ballotpedia.org/William_L._Owens
Sherrod Brown,OH,4.0,0,"[[""U.S. Senate Ohio"", 2007, 2025], [""Ohio Secretary of State"", 1982, 1990]]",https://ballotpedia.org/Sherrod_Brown
Robert P. Casey Jr.,PA,4.0,0,"[[""U.S. Senate Pennsylvania"", 2007, 2025]]",https://ballotpedia.org/Robert_P._Casey
Gary Richard Herbert,UT,3.0,0,"[[""Governor of Utah"", 2009, 2021], [""Lieutenant Governor of Utah"", 2005, 2009], [""Utah County Commissioner"", 1990, 2004]]",https://ballotpedia.org/Gary_Herbert
E. Scott Rigell,VA,4.0,0,"[[""U.S. House Virginia District 2"", 2011, 2017]]",https://ballotpedia.org/Scott_Rigell
Tim Kaine,VA,4.0,0,"[[""U.S. Senate Virginia"", 2013, null], [""Governor of Virginia"", 2006, 2010], [""Lieutenant Governor of Virginia"", 2002, 2006]]",https://ballotpedia.org/Tim_Kaine
Maria Cantwell,WA,4.0,0,"[[""U.S. Senate Washington"", 2001, null], [""U.S. House Washington District 1"", 1993, 1995]]",https://ballotpedia.org/Maria_Cantwell
John C. Carney Jr.,DE,4.0,0,"[[""Governor of Delaware"", 2017, 2025], [""U.S. House Delaware At-large District"", 2011, 2017], [""Lieutenant Governor of Delaware"", 2001, 2009]]",https://ballotpedia.org/John_Carney_(Delaware)
J. Nathan Deal,GA,4.0,0,"[[""U.S. House Georgia District 9"", 1993, 2010], [""Georgia State Senate District 49"", 1981, 1993]]",https://ballotpedia.org/Nathan_Deal
"Earl L. ""Buddy"" Carter",GA,4.0,0,"[[""U.S. House Georgia District 1"", 2015, null], [""Georgia State Senate District 1"", 2009, 2014]]","https://ballotpedia.org/Earl_""Buddy""_Carter"
K. Mark Takai,HI,4.0,0,"[[""U.S. House Hawaii District 1"", 2015, 2016]]",https://ballotpedia.org/K._Mark_Takai
C.L. 'Butch' Otter,ID,,0,[],
Robert Dold,IL,4.0,0,"[[""U.S. House Illinois District 10"", 2015, 2017], [""U.S. House Illinois District 10"", 2011, 2013]]",https://ballotpedia.org/Robert_Dold
Richard J. Durbin,IL,4.0,0,"[[""U.S. Senate Illinois"", 1997, null], [""U.S. House Illinois District 20"", 1983, 1997]]",https://ballotpedia.org/Richard_J._Durbin
Thad Cochran,MS,4.0,0,"[[""U.S. Senate Mississippi"", 1978, 2018], [""U.S. House Mississippi District 4"", 1973, 1978]]",https://ballotpedia.org/Thad_Cochran
James Lankford,OK,4.0,0,"[[""U.S. Senate Oklahoma"", 2015, null], [""U.S. House Oklahoma District 5"", 2011, 2015]]",https://ballotpedia.org/James_Lankford
Tim Scott,SC,,0,[],
Kristi Noem,SD,,0,[],
William Edward Haslam,TN,,0,[],
Rob Bishop,UT,,0,[],
Chris Stewart,UT,,0,[],
Jason Chaffetz,UT,,0,[],
Mia B. Love,UT,,0,[],
Kamala Harris,CA,,0,[],
Richard Blumenthal,CT,,0,[],
Carlos Curbelo,FL,,0,[],
Victor F. Snyder,AR,,0,[],
Brad Sherman,CA,4.0,0,"[[""U.S. House California District 32"", 2023, null], [""U.S. House California District 30"", 2013, 2023], [""U.S. House California District 27"", 2003, 2013], [""U.S. House California District 24"", 1997, 2003]]",https://ballotpedia.org/Brad_Sherman_(California)
Loretta Sanchez,CA,4.0,0,"[[""U.S. House California District 46"", 2013, 2017], [""U.S. House California District 47"", 2003, 2013], [""U.S. House California District 46"", 1997, 2003]]",https://ballotpedia.org/Loretta_Sanchez
William F. Owens,CO,,0,[],
Mark Udall,CO,4.0,0,"[[""U.S. Senate Colorado"", 2009, 2015], [""U.S. House Colorado District 2"", 1999, 2009]]",https://ballotpedia.org/Mark_Udall
John B. Larson,CT,4.0,0,"[[""U.S. House Connecticut District 1"", 1999, null], [""Connecticut State Senate District 3"", 1983, 1995]]",https://ballotpedia.org/John_B._Larson
Neil Abercrombie,HI,4.0,0,"[[""Governor of Hawaii"", 2010, 2014], [""U.S. House Hawaii District 1"", 1991, 2010], [""Hawaii State Senate"", 1980, 1986]]",https://ballotpedia.org/Neil_Abercrombie
Julia M. Carson,IN,,0,[],
Baron P. Hill,IN,4.0,0,[],https://ballotpedia.org/Baron_Hill
William Graves,KS,,0,[],
Ernest Lee Fletcher,KY,,0,[],
A. Paul Cellucci,MA,,0,[],
John F. Tierney,MA,4.0,0,"[[""U.S. House Massachusetts District 6"", 1997, 2015]]",https://ballotpedia.org/John_F._Tierney
Christopher S. Bond,MO,,0,[],
Ronnie Shows,MS,,0,[],
Richard A. Hill,MT,,0,[],
Bob R. Etheridge,NC,4.0,0,"[[""U.S. House North Carolina District 2"", 1997, 2011]]",https://ballotpedia.org/Bob_Etheridge
David E. Price,NC,4.0,0,"[[""U.S. House North Carolina District 4"", 1997, 2023]]",https://ballotpedia.org/David_E._Price
Robert C. Hayes,NC,,0,[],
Earl Pomeroy,ND,4.0,0,"[[""U.S. House North Dakota At-large District"", 1993, 2011]]",https://ballotpedia.org/Earl_Pomeroy
Jeanne Shaheen,NH,4.0,0,"[[""U.S. Senate New Hampshire"", 2009, null], [""Governor of New Hampshire"", 1997, 2003], [""New Hampshire State Senate"", 1992, 1996]]",https://ballotpedia.org/Jeanne_Shaheen
Tom Udall,NM,4.0,0,"[[""U.S. Senate New Mexico"", 2009, 2021], [""U.S. House New Mexico District 3"", 1999, 2009], [""Attorney General of New Mexico"", 1991, 1999]]",https://ballotpedia.org/Tom_Udall
Shelley Berkley,NV,4.0,0,"[[""Mayor of Las Vegas"", 2024, null], [""Nevada State Assembly"", null, null], [""U.S. House Nevada District 1"", 1999, 2013]]",https://ballotpedia.org/Shelley_Berkley
Ted Strickland,OH,4.0,0,"[[""Governor of Ohio"", null, null], [""U.S. House Ohio District 6"", 1997, 2007], [""U.S. House Ohio District 6"", 1993, 1995]]",https://ballotpedia.org/Ted_Strickland
David Wu,OR,4.0,0,"[[""U.S. House Oregon District 1"", 1999, 2011]]",https://ballotpedia.org/David_Wu
Ernest F. Hollings,SC,,0,[],
Merrill Cook,UT,4.0,0,"[[""U.S. House Utah District 2"", null, null]]",https://ballotpedia.org/Merrill_Cook
Robert F. Bennett,UT,,0,[],
Jay Robert Inslee,WA,4.0,0,"[[""Governor of Washington"", 2013, 2025], [""U.S. House Washington District 1"", 1999, 2012], [""U.S. House Washington District 4"", 1993, 1995]]",https://ballotpedia.org/Jay_Inslee
Paul Ryan,WI,4.0,0,"[[""U.S. House Wisconsin District 1"", 1999, 2019]]",https://ballotpedia.org/Paul_Ryan
Robert Aderholt,AL,4.0,0,"[[""U.S. House Alabama District 4"", 1997, null]]",https://ballotpedia.org/Robert_Aderholt
Michael Avery Ross,AR,,0,[],
Jay Woodson Dickey,AR,,0,[],
Calvin M. Dooley,CA,,0,[],
Brian P. Bilbray,CA,4.0,0,"[[""U.S. House California District 50"", 2006, 2013], [""Mayor City of Imperial Beach"", 1978, 1985]]",https://ballotpedia.org/Brian_P._Bilbray
Robert R. Simmons,CT,,0,[],
David J. Weldon,FL,,0,[],
E. Clay Shaw,FL,,0,[],
Mark Kirk,IL,4.0,0,"[[""U.S. Senate Illinois"", 2011, 2017], [""U.S. House Illinois District 10"", 2001, 2010]]",https://ballotpedia.org/Mark_Kirk
Edward M. Kennedy,MA,2.0,0,"[[""Massachusetts State Senate 1st Middlesex District"", 2019, 2025]]",https://ballotpedia.org/Edward_Kennedy_(Massachusetts)
Mike Rogers,MI,4.0,0,"[[""U.S. House Michigan District 8"", 2001, 2015], [""Michigan State Senate"", 1995, 2000]]",https://ballotpedia.org/Mike_Rogers_(Michigan)
Betty McCollum,MN,4.0,0,"[[""U.S. House Minnesota District 4"", 2001, null]]",https://ballotpedia.org/Betty_McCollum
"Robert Lee Holden, Jr.",MO,,0,[],
Todd Akin,MO,4.0,0,"[[""U.S. House Missouri District 2"", 2001, 2013]]",https://ballotpedia.org/Todd_Akin
Jon C. Porter,NV,,0,[],
Patrick Joseph Kennedy,RI,,0,[],
Jim Langevin,RI,4.0,0,"[[""U.S. House Rhode Island District 2"", 2001, 2023], [""Rhode Island Secretary of State"", 1995, 2001]]",https://ballotpedia.org/Jim_Langevin
Robert G. Tingle,RI,,0,[],
Jennifer B. Dunn,WA,,0,[],
Joe Courtney,CT,4.0,0,"[[""U.S. House Connecticut District 2"", 2007, null]]",https://ballotpedia.org/Joe_Courtney
Nancy L. Johnson,CT,,0,[],
Tom Feeney,FL,,0,[],
Virginia Brown-Waite,FL,,0,[],
John L. Mica,FL,4.0,0,"[[""U.S. House Florida District 7"", 1993, 2017]]",https://ballotpedia.org/John_L._Mica
Richard Keller,FL,,0,[],
Leonard L. Boswell,IA,4.0,0,"[[""U.S. House Iowa District 3"", 1997, 2013], [""Iowa State Senate District 46"", 1985, 1993]]",https://ballotpedia.org/Leonard_L._Boswell
Tom Latham,IA,4.0,0,"[[""U.S. House Iowa District 3"", 1995, 2015]]",https://ballotpedia.org/Tom_Latham
C. Dirk Kempthorne,ID,,0,[],
John Nathan Hostettler,IN,,0,[],
Dennis Moore,KS,4.0,0,"[[""U.S. House Kansas District 3"", 1999, 2011]]",https://ballotpedia.org/Dennis_Moore_(Kansas)
Todd Tiahrt,KS,4.0,0,"[[""U.S. House Kansas District 4"", null, null]]",https://ballotpedia.org/Todd_Tiahrt
Anne Meagher Northup,KY,,0,[],
Kenneth R. Lucas,KY,,0,[],
Mary L. Landrieu,LA,4.0,0,"[[""U.S. Senate Louisiana"", 1997, 2015], [""Louisiana State Treasurer"", 1988, 1996]]",https://ballotpedia.org/Mary_L._Landrieu
Robert Ehrlich Jr.,MD,,0,[],
C.A. Dutch Ruppersberger,MD,4.0,0,"[[""U.S. House Maryland District 2"", 2003, 2025], [""Baltimore County Executive"", 1994, 2002], [""Baltimore City Council"", 1985, 1994]]",https://ballotpedia.org/C.A._Dutch_Ruppersberger
Michael H. Michaud,ME,4.0,0,"[[""U.S. House Maine District 2"", 2003, 2015], [""Maine State Senate"", 1994, 2002]]",https://ballotpedia.org/Michael_H._Michaud
Andrew Rocky Raczkowski,MI,,0,[],
Jim Talent,MO,,0,[],
Denny Rehberg,MT,4.0,0,"[[""U.S. House Montana At-large District"", 2001, 2013], [""Lieutenant Governor of Montana"", 1991, 1997]]",https://ballotpedia.org/Denny_Rehberg
Ralph Bradley Miller,NC,4.0,0,"[[""U.S. House North Carolina District 13"", 2003, 2013]]",https://ballotpedia.org/Ralph_Bradley_Miller
Jeb E. Bradley,NH,4.0,0,"[[""New Hampshire State Senate District 3"", 2009, 2024], [""U.S. House New Hampshire District 1"", 2003, 2007]]",https://ballotpedia.org/Jeb_Bradley
Charles Bass,NH,4.0,0,"[[""U.S. House New Hampshire District 2"", 2011, 2013], [""U.S. House New Hampshire District 2"", 1995, 2007], [""New Hampshire State Senate District 11"", 1988, 1992]]",https://ballotpedia.org/Charles_Bass
Heather A. Wilson,NM,4.0,0,"[[""U.S. House New Mexico District 1"", 2017, 2019]]",https://ballotpedia.org/Heather_Wilson
Stevan Pearce,NM,4.0,0,"[[""U.S. House New Mexico District 2"", 2011, 2019], [""U.S. House New Mexico District 2"", 2003, 2009]]",https://ballotpedia.org/Stevan_Pearce
Timothy H. Bishop,NY,4.0,0,"[[""U.S. House New York District 1"", 2003, 2015]]",https://ballotpedia.org/Timothy_H._Bishop
Doug Dodd,OK,,0,[],
John A. Sullivan,OK,4.0,0,"[[""U.S. House Oklahoma District 1"", 2002, 2013]]",https://ballotpedia.org/John_Sullivan_(Oklahoma)
Brad R. Carson,OK,,0,[],
Tom Cole,OK,4.0,0,"[[""U.S. House Oklahoma District 4"", 2003, null], [""Oklahoma Secretary of State"", 1995, 1999], [""Oklahoma State Senate"", 1988, 1991]]",https://ballotpedia.org/Tom_Cole_(Oklahoma)
Stephanie Herseth Sandlin,SD,4.0,0,"[[""U.S. House South Dakota At-large District"", 2004, 2011]]",https://ballotpedia.org/Stephanie_Herseth_Sandlin
William J. Janklow,SD,,0,[],
Thomas Edwards,TX,,0,[],
Jim Matheson,UT,4.0,0,"[[""U.S. House Utah District 4"", 2013, 2015], [""U.S. House Utah District 2"", 2001, 2013]]",https://ballotpedia.org/Jim_Matheson
Rick Larsen,WA,4.0,0,"[[""U.S. House Washington District 2"", 2001, null], [""Snohomish County Councilman"", 1998, 2000]]",https://ballotpedia.org/Rick_Larsen_(Washington)
William S. Lee,DE,,0,[],
Michael N. Castle,DE,4.0,0,"[[""U.S. House Delaware At-large District"", 1993, 2011], [""Governor of Delaware"", 1985, 1992], [""Lieutenant Governor of Delaware"", 1981, 1985]]",https://ballotpedia.org/Michael_N._Castle
Katherine Harris,FL,,0,[],
James Marshall,GA,4.0,0,"[[""U.S. House Georgia District 8"", 2007, 2011]]",https://ballotpedia.org/James_Marshall_(Georgia)
Gerald C. Weller,IL,,0,[],
Kris W. Kobach,KS,3.0,0,"[[""Attorney General of Kansas"", 2023, null], [""Kansas Secretary of State"", 2011, 2019]]",https://ballotpedia.org/Kris_Kobach
Albert Ben Chandler,KY,4.0,0,"[[""U.S. House Kentucky District 6"", 2004, 2013], [""Attorney General of Kentucky"", 1995, 2003], [""High school Woodford County High School"", null, null], [""Woodford County High School"", 1967, 1973]]",https://ballotpedia.org/Ben_Chandler
Thomas H. Allen,ME,,0,[],
"Emanuel Cleaver, II",MO,4.0,0,"[[""U.S. House Missouri District 5"", 2005, null], [""Mayor of Kansas City"", 1991, 1999], [""Kansas City City Council"", 1979, 1991]]",https://ballotpedia.org/Emanuel_Cleaver
Vito J. Fossella,NY,,0,[],
Brian Higgins,NY,4.0,0,"[[""U.S. House New York District 26"", 2013, 2024], [""U.S. House New York District 27"", 2005, 2013], [""New York State Assembly"", 1999, 2004]]",https://ballotpedia.org/Brian_Higgins
M. Jodi Rell,CT,3.0,0,"[[""Governor of Connecticut"", 2004, 2011]]",https://ballotpedia.org/M._Jodi_Rell
Edward Lamont,CT,,0,[],
William T. Sali,ID,,0,[],
J. Dennis Hastert,IL,,0,[],
Joseph Heath Shuler,NC,4.0,0,"[[""U.S. House North Carolina District 11"", 2007, 2013]]",https://ballotpedia.org/Joseph_Heath_Shuler
Robert Menendez,NJ,4.0,0,"[[""U.S. House New Jersey District 8"", 2023, null]]",https://ballotpedia.org/Robert_Menendez_(New_Jersey)
John Hall,NY,,0,[],
Michael A. Arcuri,NY,4.0,0,"[[""U.S. House New York District 24"", 2007, 2011]]",https://ballotpedia.org/Michael_Arcuri
Daniel B. Maffei,NY,4.0,0,"[[""U.S. House New York District 24"", 2013, 2015], [""U.S. House New York District 25"", 2009, 2011]]",https://ballotpedia.org/Daniel_Maffei
James T. Walsh,NY,,0,[],
Thomas M. Reynolds,NY,,0,[],
Eric J. Massa,NY,4.0,0,"[[""U.S. House New York District 29"", 2009, 2010]]",https://ballotpedia.org/Eric_Massa
John R. Kuhl,NY,,0,[],
Peter King,NY,4.0,0,"[[""U.S. House New York District 2"", 2013, 2021], [""U.S. House New York District 3"", 1993, 2013], [""Nassau County Comptroller"", 1981, 1993], [""Nassau County Deputy Attorney"", 1972, 1974]]",https://ballotpedia.org/Peter_King
Patrick J. Tiberi,OH,4.0,0,"[[""U.S. House Ohio District 12"", 2001, 2018]]",https://ballotpedia.org/Patrick_J._Tiberi
Betty Sutton,OH,4.0,0,"[[""U.S. House Ohio District 13"", 2007, 2013], [""Member/Vice-President Summit County Council"", 1991, 1992], [""Barberton City Council"", 1990, 1991]]",https://ballotpedia.org/Betty_Sutton
Deborah D. Pryce,OH,0.0,0,[],https://ballotpedia.org/Deborah_Pryce
Zachary T. Space,OH,,0,[],
John M. Spratt,SC,4.0,0,"[[""U.S. House South Carolina District 5"", 1983, 2011]]",https://ballotpedia.org/John_Spratt
Cathy McMorris Rodgers,WA,4.0,0,"[[""U.S. House Washington District 5"", 2005, 2025]]",https://ballotpedia.org/Cathy_McMorris_Rodgers
David G. Reichert,WA,4.0,0,"[[""U.S. House Washington District 8"", 2005, 2019], [""King County Sheriff"", 1997, 2004]]",https://ballotpedia.org/David_G._Reichert
Rolf Parker Griffith,AL,4.0,0,"[[""U.S. House Alabama District 5"", 2009, 2011]]",https://ballotpedia.org/Parker_Griffith
Jerry McNerney,CA,4.0,0,"[[""California State Senate District 5"", 2024, null], [""U.S. House California District 9"", 2013, 2023], [""U.S. House California District 11"", 2007, 2013]]",https://ballotpedia.org/Jerry_McNerney
Jim Himes,CT,4.0,0,"[[""U.S. House Connecticut District 4"", 2009, null]]",https://ballotpedia.org/Jim_Himes
Charles William Young,FL,,0,[],
Vern Buchanan,FL,4.0,0,"[[""U.S. House Florida District 16"", 2013, null], [""U.S. House Florida District 13"", 2007, 2013]]",https://ballotpedia.org/Vern_Buchanan
Ileana Ros-Lehtinen,FL,4.0,0,"[[""U.S. House Florida District 27"", 1989, 2019], [""Florida State Senate District 34"", 1987, 1989]]",https://ballotpedia.org/Ileana_Ros-Lehtinen
Lincoln Diaz-Balart,FL,4.0,0,"[[""U.S. House Florida District 21"", 1993, 2011]]",https://ballotpedia.org/Lincoln_Diaz-Balart
Mario Diaz-Balart,FL,4.0,0,"[[""U.S. House Florida District 26"", 2023, null], [""U.S. House Florida District 21"", 2011, 2013], [""U.S. House Florida District 25"", 2003, 2023], [""Florida State Senate District 37"", 1992, 2000]]",https://ballotpedia.org/Mario_Diaz-Balart
Gus Michael Bilirakis,FL,4.0,0,"[[""U.S. House Florida District 12"", 2013, null], [""U.S. House Florida District 9"", 2007, 2013]]",https://ballotpedia.org/Gus_Bilirakis
S. Brett Guthrie,KY,4.0,0,"[[""U.S. House Kentucky District 2"", 2009, null], [""Kentucky State Senate"", 1999, 2008]]",https://ballotpedia.org/Brett_Guthrie
John Yarmuth,KY,4.0,0,"[[""U.S. House Kentucky District 3"", 2007, 2023]]",https://ballotpedia.org/John_Yarmuth
Geoff Davis,KY,4.0,0,"[[""U.S. House Kentucky District 4"", 2005, 2012]]",https://ballotpedia.org/Geoff_Davis
Steve Scalise,LA,4.0,0,"[[""U.S. House Louisiana District 1"", 2008, null], [""Louisiana State Senate"", 1995, 2007]]",https://ballotpedia.org/Steve_Scalise
Bill Cassidy,LA,4.0,0,"[[""U.S. Senate Louisiana"", 2015, null], [""U.S. House Louisiana District 6"", 2009, 2015], [""Louisiana State Senate"", 2006, 2008]]",https://ballotpedia.org/Bill_Cassidy
Frank M. Kratovil,MD,4.0,0,"[[""U.S. House Maryland District 1"", 2009, 2011]]",https://ballotpedia.org/Frank_Kratovil
Sam Graves,MO,4.0,0,"[[""U.S. House Missouri District 6"", 2001, null], [""Missouri State Senate"", 1995, 2001]]",https://ballotpedia.org/Sam_Graves
Travis W. Childers,MS,4.0,0,"[[""Prentiss County Chancery Court Clerk"", null, null], [""U.S. House Mississippi District 1"", null, null]]",https://ballotpedia.org/Travis_Childers
Roger F. Wicker,MS,4.0,0,"[[""U.S. Senate Mississippi"", 2007, null], [""U.S. House Mississippi District 1"", 1995, 2007], [""Mississippi State Senate"", 1988, 1994]]",https://ballotpedia.org/Roger_F._Wicker
Lee Terry,NE,4.0,0,"[[""U.S. House Nebraska District 2"", 1999, 2015], [""Omaha City Council"", 1991, 1998]]",https://ballotpedia.org/Lee_Terry
Christopher John Lee,NY,,0,[],
Henry E. Brown,SC,,0,[],
Steven L. Kagen,WI,,0,[],
John Barrasso,WY,4.0,0,"[[""U.S. Senate Wyoming"", 2007, null], [""Wyoming State Senate District 27"", 2002, 2007]]",https://ballotpedia.org/John_Barrasso
Jesse Kelly,AZ,,0,[],
Michael M. Honda,CA,4.0,0,"[[""U.S. House California District 17"", 2001, 2017], [""California State Assembly District 23"", 1997, 2000], [""Santa Clara County Board of Supervisors"", 1990, 1996]]",https://ballotpedia.org/Michael_M._Honda
Dennis A. Cardoza,CA,4.0,0,"[[""U.S. House California District 18"", 2003, 2012], [""California State Assembly District 26"", 1996, 2002], [""Merced City Council"", 1994, 1995], [""Atwater City Council"", 1984, 1987]]",https://ballotpedia.org/Dennis_Cardoza
Jim Costa,CA,4.0,0,"[[""U.S. House California District 21"", 2023, null], [""U.S. House California District 16"", 2013, 2023], [""U.S. House California District 20"", 2005, 2013], [""California State Senate District 16"", 1994, 2002], [""California State Assembly District 30"", 1978, 1994]]",https://ballotpedia.org/Jim_Costa
Dan Lungren,CA,4.0,0,"[[""U.S. House California District 3"", 2005, 2013], [""Attorney General of California"", 1991, 1999], [""U.S. House California District 42"", 1983, 1989], [""U.S. House California District 34"", 1979, 1983]]",https://ballotpedia.org/Dan_Lungren
Ken Calvert,CA,4.0,0,"[[""U.S. House California District 41"", 2023, null], [""U.S. House California District 42"", 2013, 2023], [""U.S. House California District 44"", 2003, 2013], [""U.S. House California District 43"", 1993, 2003]]",https://ballotpedia.org/Ken_Calvert
Christopher A. Coons,DE,4.0,0,"[[""U.S. Senate Delaware"", 2010, null], [""New Castle County Executive"", 2000, 2004]]",https://ballotpedia.org/Christopher_A._Coons
Dave Loebsack,IA,,0,[],
Robert Schilling,IL,,0,[],
Bill Keating,MA,,0,[],
Barney Frank,MA,,0,[],
Scott Brown,MA,,0,[],
Frank A. LoBiondo,NJ,4.0,0,"[[""U.S. House New Jersey District 2"", 1995, 2019], [""Cumberland County Board of Chosen Freeholders"", 1985, 1988]]",https://ballotpedia.org/Frank_A._LoBiondo
Kirsten E. Gillibrand,NY,,0,[],
Joe Wilson,SC,4.0,0,"[[""U.S. House South Carolina District 2"", 2001, null], [""South Carolina State Senate District 23"", 1984, 2001]]",https://ballotpedia.org/Joe_Wilson_(South_Carolina)
Mick Mulvaney,SC,,0,[],
Chuck Fleischmann,TN,,0,[],
Scott DesJarlais,TN,,0,[],
Stephen Lee Fincher,TN,,0,[],
Francisco R. Canseco,TX,,0,[],
Robert Hurt,VA,4.0,0,"[[""U.S. House Virginia District 5"", 2011, 2017], [""Virginia State Senate"", 2008, 2010]]",https://ballotpedia.org/Robert_Hurt
H. Morgan Griffith,VA,4.0,0,"[[""U.S. House Virginia District 9"", 2011, null]]",https://ballotpedia.org/H._Morgan_Griffith
"Joe Manchin, III",WV,4.0,0,"[[""U.S. Senate West Virginia"", 2010, 2025], [""Governor of West Virginia"", 2004, 2010], [""West Virginia Secretary of State"", 2000, 2004], [""West Virginia State Senate"", 1986, 1996]]",https://ballotpedia.org/Joe_Manchin
Scott Walker,WI,,0,[],
Bill Walker,AK,3.0,0,"[[""Governor of Alaska"", 2014, 2018], [""Mayor of Valdez"", 1979, 1980], [""Valdez City Council"", 1977, 1979]]",https://ballotpedia.org/Bill_Walker_(Alaska)
Michael Eggman,CA,,0,[],
Paul Chabot,CA,0.0,0,[],https://ballotpedia.org/Paul_Chabot
Brian Schatz,HI,4.0,0,"[[""U.S. Senate Hawaii"", 2012, null], [""Lieutenant Governor of Hawaii"", 2010, 2012]]",https://ballotpedia.org/Brian_Schatz
Jim Mowrer,IA,,0,[],
Kate Brown,OR,4.0,0,"[[""Governor of Oregon"", 2015, 2023], [""Oregon Secretary of State"", 2009, 2015], [""Oregon State Senate"", 1996, 2008]]",https://ballotpedia.org/Kate_Brown
Thomas A. Garrett,VA,4.0,0,"[[""U.S. House Virginia District 5"", 2017, 2019], [""Virginia State Senate District 22"", 2012, 2017], [""High school Louisa County High School"", null, null], [""Louisa County High School"", 1995, 2000]]",https://ballotpedia.org/Thomas_Garrett
Mike Dunleavy,AK,3.0,0,"[[""Governor of Alaska"", 2018, null], [""Alaska State Senate District E"", 2015, 2017], [""Alaska State Senate District D"", 2013, 2015]]",https://ballotpedia.org/Mike_Dunleavy
Barry Hess,AZ,,0,[],
Robert Stefanowski,CT,,0,[],
Scott Walker,DE,,0,[],
Lee Murphy,DE,,0,[],
Nadine M. Frost,DE,,0,[],
Angus S. King Jr.,ME,4.0,0,"[[""U.S. Senate Maine"", 2013, null], [""Governor of Maine"", 1995, 2003]]",https://ballotpedia.org/Angus_King
Bill Huizenga,MI,4.0,0,"[[""U.S. House Michigan District 4"", 2023, null], [""U.S. House Michigan District 2"", 2011, 2023]]",https://ballotpedia.org/Bill_Huizenga
Marcia Squier,MI,,0,[],
Tina Smith,MN,4.0,0,"[[""U.S. Senate Minnesota"", 2018, null], [""Lieutenant Governor of Minnesota"", 2015, 2018]]",https://ballotpedia.org/Tina_Smith
Thomas Aaron Bailey,NC,,0,[],
Justin F. O'Donnell,NH,,0,[],
Bob Walsh,NM,,0,[],
Russell Best,NV,4.0,0,[],https://ballotpedia.org/Russell_Best
Tracy Mitrano,NY,,0,[],
Chris Henry,OR,,0,[],
William H. Gilbert,RI,,0,[],
Mark Tippetts,TX,1.0,0,"[[""Appointed City Council member Lago Vista Texas"", null, null]]",https://ballotpedia.org/Mark_Tippetts
Gregory C. Duerden,UT,0.0,0,[],https://ballotpedia.org/Gregory_Duerden
Elaine G. Luria,VA,4.0,0,"[[""U.S. House Virginia District 2"", 2019, 2023]]",https://ballotpedia.org/Elaine_Luria
Denver Riggleman,VA,4.0,0,"[[""U.S. House Virginia District 5"", 2019, 2021]]",https://ballotpedia.org/Denver_Riggleman
Bernie Sanders,VT,4.0,0,"[[""U.S. Senate Vermont"", 2007, null], [""U.S. House Vermont At-large District"", 1991, 2007], [""Mayor of Burlington"", 1981, 1989]]",https://ballotpedia.org/Bernie_Sanders
Phil Anderson,WI,,0,[],
Richard Brubaker,WY,,0,[],
Daniel Clyde Cummings,WY,,0,[],
John Wayne Howe,AK,0.0,0,[],https://ballotpedia.org/John_Wayne_Howe
Mark Kelly,AZ,4.0,0,"[[""U.S. Senate Arizona"", 2020, null]]",https://ballotpedia.org/Mark_Kelly
Doug LaMalfa,CA,4.0,0,"[[""U.S. House California District 1"", 2013, 2026], [""California State Senate District 4"", 2010, 2012], [""California State Assembly District 2"", 2002, 2008]]",https://ballotpedia.org/Doug_LaMalfa
David G. Valadao,CA,4.0,0,"[[""U.S. House California District 22"", 2023, null], [""U.S. House California District 21"", 2021, 2023], [""U.S. House California District 21"", 2013, 2019], [""California State Assembly District 30"", 2010, 2012]]",https://ballotpedia.org/David_G._Valadao
Devin Nunes,CA,4.0,0,"[[""U.S. House California District 22"", 2013, 2021], [""U.S. House California District 21"", 2003, 2013]]",https://ballotpedia.org/Devin_Nunes
Mike Garcia,CA,4.0,0,"[[""U.S. House California District 27"", 2023, 2025], [""U.S. House California District 25"", 2020, 2023]]",https://ballotpedia.org/Mike_Garcia
Young Kim,CA,4.0,0,"[[""U.S. House California District 40"", 2023, null], [""U.S. House California District 39"", 2021, 2023], [""California State Assembly District 65"", 2014, 2016]]",https://ballotpedia.org/Young_Kim_(California)
Michelle Steel,CA,4.0,0,"[[""U.S. House California District 45"", 2023, 2025], [""U.S. House California District 48"", 2021, 2023], [""Orange County Board of Supervisors District 2"", 2015, 2021]]",https://ballotpedia.org/Michelle_Steel
Mike Levin,CA,4.0,0,"[[""U.S. House California District 49"", 2019, null]]",https://ballotpedia.org/Mike_Levin
Brian Maryott,CA,,0,[],
Darrell E. Issa,CA,4.0,0,"[[""U.S. House California District 48"", 2023, null], [""U.S. House California District 50"", 2021, 2023], [""U.S. House California District 49"", 2001, 2019]]",https://ballotpedia.org/Darrell_E._Issa
Sara Jacobs,CA,4.0,0,"[[""U.S. House California District 51"", 2023, null], [""U.S. House California District 53"", 2021, 2023]]",https://ballotpedia.org/Sara_Jacobs
Shane Hazel,GA,0.0,0,[],https://ballotpedia.org/Shane_Hazel
Rick Stewart,IA,4.0,0,[],https://ballotpedia.org/Rick_Stewart
Bill Redpath,IL,,0,[],
Donald G. Rainwater,IN,0.0,0,[],https://ballotpedia.org/Donald_Rainwater
Doug Dern,MI,0.0,0,[],https://ballotpedia.org/Doug_Dern
Robert Barb,MT,,0,[],
David Madison Cawthorn,NC,4.0,0,"[[""U.S. House North Carolina District 11"", 2021, 2023]]",https://ballotpedia.org/Madison_Cawthorn
Shannon W. Bray,NC,4.0,0,[],https://ballotpedia.org/Shannon_Bray
Michelle Garcia Holmes,NM,,0,[],
Mark V. Ronchetti,NM,,0,[],
Robert Murphy,OK,,0,[],
Gray Davis,CA,3.0,0,"[[""Governor of California"", 1999, 2003]]",https://ballotpedia.org/Gray_Davis
Steven T. Kuykendall,CA,,0,[],
Evan Bayh,IN,4.0,0,"[[""Governor of Indiana"", null, null], [""Indiana Secretary of State"", null, null], [""U.S. Senate Indiana"", 1999, 2011]]",https://ballotpedia.org/Evan_Bayh
George Pataki,NY,3.0,0,"[[""Governor of New York"", null, null], [""New York State Assembly"", null, null], [""New York State Senate"", null, null]]",https://ballotpedia.org/George_Pataki
George V. Voinovich,OH,0.0,0,[],https://ballotpedia.org/George_V._Voinovich
James H. Hodges,SC,,0,[],
Susan A. Davis,CA,4.0,0,"[[""U.S. House California District 53"", 2003, 2021], [""U.S. House California District 49"", 2001, 2003], [""California State Assembly District 76"", 1994, 2000]]",https://ballotpedia.org/Susan_Davis_(California)
Ruth Minner,DE,,0,[],
Thomas R. Carper,DE,4.0,0,"[[""U.S. Senate Delaware"", 2001, 2025], [""Governor of Delaware"", 1992, 2000]]",https://ballotpedia.org/Thomas_R._Carper
Mark Dayton,MN,4.0,0,"[[""Governor of Minnesota"", null, null], [""U.S. Senate Minnesota"", 2001, 2007], [""Minnesota State Auditor"", null, null]]",https://ballotpedia.org/Mark_Dayton
Mel Carnahan,MO,,0,[],
Hillary Rodham Clinton,NY,4.0,0,"[[""U.S. Secretary of State"", null, null], [""U.S. Senate New York"", null, null]]",https://ballotpedia.org/Hillary_Rodham_Clinton
George F. Allen,VA,0.0,0,[],https://ballotpedia.org/George_Allen
Gary Locke,WA,,0,[],
Shelley Moore Capito,WV,4.0,0,"[[""U.S. Senate West Virginia"", 2015, null], [""U.S. House West Virginia District 2"", 2001, 2015]]",https://ballotpedia.org/Shelley_Moore_Capito
Frank Murkowski,AK,,0,[],
Richard Renzi,AZ,,0,[],
Phil Gingrey,GA,4.0,0,"[[""U.S. House Georgia District 11"", 2003, 2015], [""Georgia State Senate District 37"", 1999, 2003]]",https://ballotpedia.org/Phil_Gingrey
Max Burns,GA,2.0,0,"[[""Georgia State Senate District 23"", 2021, null]]",https://ballotpedia.org/Max_Burns
Saxby Chambliss,GA,4.0,0,"[[""U.S. Senate Georgia"", 2003, 2015], [""U.S. House Georgia District 8"", 1995, 2003]]",https://ballotpedia.org/Saxby_Chambliss
Chris Chocola,IN,,0,[],
Chris Van Hollen,MD,4.0,0,"[[""U.S. Senate Maryland"", 2017, null], [""U.S. House Maryland District 8"", 2003, 2017], [""Maryland State Senate"", 1994, 2002]]",https://ballotpedia.org/Chris_Van_Hollen
Thaddeus McCotter,MI,4.0,0,"[[""U.S. House Michigan District 11"", 2011, 2013], [""Michigan State Senate"", 1994, 2002]]",https://ballotpedia.org/Thaddeus_McCotter
Frank R. Lautenberg,NJ,4.0,0,"[[""U.S. Senate New Jersey"", 2003, 2013], [""U.S. Senate New Jersey"", 1982, 2001]]",https://ballotpedia.org/Frank_R._Lautenberg
Tim Ryan,OH,4.0,0,"[[""U.S. House Ohio District 13"", 2013, 2023], [""U.S. House Ohio District 17"", 2003, 2013], [""Ohio State Senate"", 2000, 2002]]",https://ballotpedia.org/Tim_Ryan_(Ohio)
Brad Henry,OK,3.0,0,"[[""Governor of Oklahoma"", 2003, 2011]]",https://ballotpedia.org/Brad_Henry
Mark Sanford,SC,4.0,0,"[[""U.S. House South Carolina District 1"", 2013, 2019], [""Governor of South Carolina"", 2003, 2011]]",https://ballotpedia.org/Mark_Sanford_(South_Carolina)
Lindsey Graham,SC,4.0,0,"[[""U.S. Senate South Carolina"", 2003, 2026], [""U.S. House South Carolina District 3"", 1995, 2003]]",https://ballotpedia.org/Lindsey_Graham
Chris Bell,TX,4.0,0,"[[""U.S. House Texas District 25"", null, null]]",https://ballotpedia.org/Chris_Bell_(Texas)
Jeb Hensarling,TX,4.0,0,"[[""U.S. House Texas District 5"", 2003, 2019]]",https://ballotpedia.org/Jeb_Hensarling
John Cornyn,TX,4.0,0,"[[""U.S. Senate Texas"", 2002, null], [""Attorney General of Texas"", 1999, 2002]]",https://ballotpedia.org/John_Cornyn
Jim Douglas,VT,3.0,0,"[[""Governor of Vermont"", 2003, 2011]]",https://ballotpedia.org/Jim_Douglas_(Vermont)
Melissa Bean,IL,4.0,0,"[[""U.S. House Illinois District 8"", 2005, 2011]]",https://ballotpedia.org/Melissa_Bean
Matt Blunt,MO,3.0,0,"[[""Governor of Missouri"", 2005, 2009]]",https://ballotpedia.org/Matt_Blunt
John R. Thune,SD,4.0,0,"[[""U.S. Senate South Dakota"", 2005, null]]",https://ballotpedia.org/John_Thune
Louie Gohmert,TX,4.0,0,"[[""Smith County District Court"", null, null], [""U.S. House Texas District 1"", 2005, 2023]]",https://ballotpedia.org/Louie_Gohmert
Ted Poe,TX,4.0,0,"[[""U.S. House Texas District 2"", 2005, 2019], [""Harris County Court"", 1981, 2003], [""Harris County District Attorney"", 1973, 1981], [""Profession Lawyer and judge"", null, null], [""Lawyer and judge"", null, null]]",https://ballotpedia.org/Ted_Poe
Christine Gregoire,WA,3.0,0,"[[""Governor of Washington"", 2005, 2013], [""Attorney General of Washington"", 1993, 2005]]",https://ballotpedia.org/Christine_Gregoire
Christopher Murphy,CT,,0,[],
Tim Mahoney,FL,,0,[],
Ron Klein,FL,4.0,0,"[[""U.S. House Florida District 22"", 2007, 2011]]",https://ballotpedia.org/Ron_Klein
Chet Culver,IA,4.0,0,"[[""Iowa Secretary of State"", null, null], [""Governor of Iowa"", null, null]]",https://ballotpedia.org/Chet_Culver
Bruce L. Braley,IA,4.0,0,"[[""U.S. House Iowa District 1"", 2007, 2015]]",https://ballotpedia.org/Bruce_Braley
Peter J. Roskam,IL,4.0,0,"[[""U.S. House Illinois District 6"", 2007, 2019]]",https://ballotpedia.org/Peter_J._Roskam
Joe Donnelly,IN,4.0,0,"[[""U.S. Senate Indiana"", 2013, 2019], [""U.S. House Indiana District 2"", 2007, 2013]]",https://ballotpedia.org/Joe_Donnelly
Brad Ellsworth,IN,,0,[],
Nancy E. Boyda,KS,,0,[],
Tim Walberg,MI,4.0,0,"[[""U.S. House Michigan District 5"", 2023, null], [""U.S. House Michigan District 7"", 2011, 2023], [""U.S. House Michigan District 7"", 2007, 2009]]",https://ballotpedia.org/Tim_Walberg
Claire McCaskill,MO,4.0,0,"[[""U.S. Senate Missouri"", 2007, 2019], [""Missouri State Auditor"", 1999, 2007]]",https://ballotpedia.org/Claire_McCaskill
Carol Shea-Porter,NH,4.0,0,"[[""U.S. House New Hampshire District 1"", 2017, 2019], [""U.S. House New Hampshire District 1"", 2013, 2015]]",https://ballotpedia.org/Carol_Shea-Porter
Paul W. Hodes,NH,,0,[],
Nicholas V. Lampson,TX,,0,[],
Bernard Sanders,VT,4.0,0,"[[""U.S. Senate Vermont"", 2007, null], [""U.S. House Vermont At-large District"", 1991, 2007], [""Mayor of Burlington"", 1981, 1989]]",https://ballotpedia.org/Bernard_Sanders
Mark Begich,AK,4.0,0,"[[""U.S. Senate Alaska"", 2009, 2015], [""Mayor of Anchorage"", 2003, 2009]]",https://ballotpedia.org/Mark_Begich
Bobby N. Bright,AL,4.0,0,"[[""U.S. House Alabama District 2"", 2009, 2011], [""Mayor of Montgomery Alabama"", 1999, 2009]]",https://ballotpedia.org/Bobby_Bright
Tom McClintock,CA,4.0,0,"[[""U.S. House California District 5"", 2023, null], [""U.S. House California District 4"", 2009, 2023], [""California State Senate District 19"", 2000, 2008], [""California State Assembly District 38"", 1996, 2000], [""California State Assembly District 36"", 1982, 1992]]",https://ballotpedia.org/Tom_McClintock
Alan Grayson,FL,,0,[],
Suzanne M. Kosmas,FL,,0,[],
Thomas J. Rooney,FL,,0,[],
Walt Minnick,ID,,0,[],
Deborah Halvorson,IL,,0,[],
Chellie M. Pingree,ME,,0,[],
Mark Schauer,MI,,0,[],
Gary C. Peters,MI,,0,[],
Al Franken,MN,,0,[],
Jay Nixon,MO,,0,[],
Blaine Luetkemeyer,MO,,0,[],
Lawrence Webb Kissell,NC,,0,[],
Martin Heinrich,NM,,0,[],
Harry Teague,NM,,0,[],
Clayton Suddith,AL,,0,[],
Phil Wyrick,AR,,0,[],
Edward Ranger,AZ,,0,[],
Janice Hahn,CA,4.0,0,"[[""Los Angeles County Board of Supervisors District 4"", 2016, null], [""U.S. House California District 44"", 2011, 2016], [""Los Angeles City Council"", 2001, 2011]]",https://ballotpedia.org/Janice_Hahn
Randy Hoffman,CA,,0,[],
Robert K. Dornan,CA,,0,[],
Bob Greenlee,CO,,0,[],
Kevin James O'Connor,CT,,0,[],
Gene Ward,HI,2.0,0,[],https://ballotpedia.org/Gene_Ward
Dan Williams,ID,,0,[],
Jean Leising,IN,2.0,0,"[[""Indiana State Senate District 42"", 2008, null], [""Indiana State Senate District 42"", 1988, 1996]]",https://ballotpedia.org/Jean_Leising
Gary Anthony Hofmeister,IN,,0,[],
Paul Helmke,IN,,0,[],
Jim Lawing,KS,,0,[],
Paul Feleciano,KS,,0,[],
Ernesto Scorsone,KY,0.0,0,[],https://ballotpedia.org/Ernesto_Scorsone
Peter G. Torkildsen,MA,,0,[],
Hubert Humphrey III,MN,,0,[],
Delbert Hosemann,MS,3.0,0,"[[""Lieutenant Governor of Mississippi"", 2020, null], [""Mississippi Secretary of State"", 2008, 2020]]",https://ballotpedia.org/Delbert_Hosemann
Dusty Deschamps,MT,0.0,0,[],https://ballotpedia.org/Dusty_Deschamps
Mike Taylor,NC,,0,[],
Dan Page,NC,,0,[],
Thomas H. Roberg,NC,,0,[],
Kevin Cramer,ND,4.0,0,"[[""U.S. Senate North Dakota"", 2019, null], [""U.S. House North Dakota At-large District"", 2013, 2019]]",https://ballotpedia.org/Kevin_Cramer
Bill Hoppner,NE,,0,[],
Jay Lucas,NH,,0,[],
Mary Rauh,NH,,0,[],
George Condodemetraky,NH,,0,[],
Bill Redmond,NM,,0,[],
Don Chairez,NV,,0,[],
Nancy P. Hollister,OH,3.0,0,"[[""Governor of Ohio"", 1998, 1999], [""Lieutenant Governor of Ohio"", 1995, 1998]]",https://ballotpedia.org/Nancy_Hollister
Mary Boyle,OH,0.0,0,[],https://ballotpedia.org/Mary_Boyle
Molly Bordonaro,OR,,0,[],
John Lim,OR,,0,[],
Ivan Itkin,PA,,0,[],
Patrick R. Casey,PA,,0,[],
Bill Lloyd,PA,,0,[],
Garry Mauro,TX,,0,[],
Lily Eskelsen,UT,,0,[],
Ruth Dwyer,VT,,0,[],
Richard Alan White,WA,,0,[],
Lydia Carol Spottswood,WI,,0,[],
Mark W. Neumann,WI,,0,[],
Marsha Guthrie Folsom,AL,,0,[],
William Toel,AZ,,0,[],
Rich Rodriguez,CA,,0,[],
Sam Gejdenson,CT,,0,[],
Phil Giordano,CT,,0,[],
John Burris,DE,,0,[],
Linda Welch Chapin,FL,,0,[],
Patsy Ann Kurth,FL,,0,[],
Elaine Bloom,FL,,0,[],
Lauren Beth Gash,IL,,0,[],
David McIntosh,IN,,0,[],
Michael E. Bailey,IN,,0,[],
David L. Johnson,IN,,0,[],
Don Bell,KY,,0,[],
Jack E. Robinson,MA,,0,[],
Paul H. Rappaport,MD,,0,[],
Mark W. Lawrence,ME,,0,[],
Dianne Byrum,MI,,0,[],
Ted House,MO,,0,[],
Nancy Keenan,MT,,0,[],
Rick Lazio,NY,,0,[],
John Cranley,OH,,0,[],
Maryellen O'Shaughnessy,OH,,0,[],
Andy Ewing,OK,,0,[],
Stephen Cabral,RI,,0,[],
Jeff Clark,TN,,0,[],
Phil Sudan,TX,,0,[],
Bill Orton,UT,,0,[],
Heidi Behrens-Benedict,WA,,0,[],
Dan McDonald,WA,,0,[],
John Koster,WA,,0,[],
John Gillespie,WI,,0,[],
Jim Humphreys,WV,,0,[],
Fran Ulmer,AK,,0,[],
George Cordova,AZ,,0,[],
James H. Maloney,CT,,0,[],
Karen L. Thurman,FL,,0,[],
Wayne Hogan,FL,,0,[],
Eddie Diaz,FL,,0,[],
Carol A. Roberts,FL,,0,[],
Harry Jacobs,FL,,0,[],
Roger Kahn,GA,,0,[],
Charles Walker,GA,,0,[],
Calder B. Clay,GA,,0,[],
Doug Gross,IA,,0,[],
John Norris,IA,,0,[],
Stanley J. Thompson,IA,,0,[],
Jill Long Thompson,IN,,0,[],
Bryan Hartke,IN,,0,[],
Ambrose A. McVey,IN,,0,[],
Carlos J. Nolla,KS,,0,[],
Adam Taff,KS,,0,[],
Jack Conway,KY,,0,[],
Rodney M. Alexander,LA,,0,[],
Lee Fletcher,LA,,0,[],
Suzanne Haik Terrell,LA,,0,[],
Helen Delich Bentley,MD,,0,[],
Constance A. Morella,MD,,0,[],
Kevin L. Raye,ME,,0,[],
Kevin Kelley,MI,,0,[],
Roger Moe,MN,,0,[],
Walter F. Mondale,MN,,0,[],
Jean Carnahan,MO,,0,[],
Steve Kelly,MT,,0,[],
Chris Kouri,NC,,0,[],
Carolyn W. Grant,NC,,0,[],
Rick Clayburgh,ND,,0,[],
Martha Fuller Clark,NH,,0,[],
Katrina Swett,NH,,0,[],
Anne Ricks Sumers,NJ,,0,[],
Richard M. Romero,NM,,0,[],
John Arthur Smith,NM,,0,[],
Dario Herrera,NV,,0,[],
Lynette Maria Boggs-McDonald,NV,,0,[],
Felix J. Grucci,NY,,0,[],
Ann Womer Benjamin,OH,,0,[],
Steve Largent,OK,,0,[],
Darryl Roberts,OK,,0,[],
H. Kent Pharaoh,OK,,0,[],
Mike Fisher,PA,,0,[],
Dan Wofford,PA,,0,[],
David W. Rogers,RI,,0,[],
Alex Sanders,SC,,0,[],
Tony Sanchez,TX,,0,[],
Ron Chapman,TX,,0,[],
Ramsey Farley,TX,,0,[],
Thomas Reiser,TX,,0,[],
John Swallow,UT,,0,[],
Nancy B. Spannaus,VA,,0,[],
Doug Racine,VT,2.0,0,"[[""Vermont State Senate Chittenden District"", 2007, 2010]]",https://ballotpedia.org/Doug_Racine
Norma Smith,WA,2.0,0,[],https://ballotpedia.org/Norma_Smith
Jay Wolfe,WV,,0,[],
Marvin Parks,AR,,0,[],
Paul Babbitt,AZ,,0,[],
David J. Thomas,CO,,0,[],
Greg Walcher,CO,,0,[],
Jim Sullivan,CT,,0,[],
Diane Farrell,CT,,0,[],
Paul Donnelly,DE,,0,[],
Jan Schneider,FL,4.0,0,[],https://ballotpedia.org/Jan_Schneider
Denise Majette,GA,,0,[],
Tari Renner,IL,,0,[],
Alan Keyes,IL,,0,[],
Michael Kinard,KS,,0,[],
Tony Miller,KY,,0,[],
Alice Forgy Kerr,KY,2.0,0,"[[""Kentucky State Senate District 12"", 1999, 2023]]",https://ballotpedia.org/Alice_Forgy_Kerr
Charlie Melancon,LA,4.0,0,"[[""U.S. House Louisiana District 3"", 2005, 2011]]",https://ballotpedia.org/Charlie_Melancon
Willie L. Mount,LA,2.0,0,"[[""Louisiana State Senate District 27"", 2000, 2012]]",https://ballotpedia.org/Willie_Mount
William Tauzin,LA,,0,[],
Charles W. Boustany Jr.,LA,4.0,0,"[[""U.S. House Louisiana District 3"", 2005, 2017]]",https://ballotpedia.org/Charles_Boustany
Charlie Summers,ME,,0,[],
Brian N. Hamel,ME,,0,[],
Patty Wetterling,MN,,0,[],
Jeanne Patterson,MO,,0,[],
Nancy Farmer,MO,,0,[],
Tracy Velazquez,MT,,0,[],
Patricia R. Keever,NC,,0,[],
Erskine Bowles,NC,,0,[],
Joseph A Satrom,ND,,0,[],
Duane Sand,ND,,0,[],
Donna J. Anderson,NE,,0,[],
Justin Nadeau,NH,,0,[],
Gary K. King,NM,,0,[],
Gregory M. Tucker,NM,,0,[],
Frank J. Barbaro,NY,,0,[],
Nancy A. Naples,NY,,0,[],
Joe Driscoll,PA,,0,[],
Scott G. Paterno,PA,,0,[],
Joe Hoeffel,PA,,0,[],
Larry Diedrich,SD,,0,[],
Jonas Frost,TX,,0,[],
Arlene Reid Wohlgemuth,TX,,0,[],
"Scott M. Matheson, Jr.",UT,,0,[],
R. Paul Van Dam,UT,,0,[],
Donald K. Barbieri,WA,,0,[],
Dave Ross,WA,,0,[],
Diane Benson,AK,,0,[],
Andy Mayberry,AR,,0,[],
Phil Angelides,CA,,0,[],
Francine P. Busby,CA,,0,[],
Charles Duane Brown,CA,,0,[],
Cynthia Rodriguez Matthews,CA,,0,[],
Jay Fawcett,CO,,0,[],
Alan Schlesinger,CT,,0,[],
John T. Russell,FL,,0,[],
Charlie Stuart,FL,,0,[],
Phyllis Busansky,FL,,0,[],
Christine L. Jennings,FL,,0,[],
Clint Curtis,FL,,0,[],
Joe Negron,FL,,0,[],
Michael Allen Collins,GA,,0,[],
Selden E. Spencer,IA,,0,[],
Mike Whalen,IA,,0,[],
Jeff Lamberti,IA,,0,[],
Larry Grant,ID,,0,[],
Tammy Duckworth,IL,,0,[],
Daniel J. Seals,IL,,0,[],
Jonathan Laesch,IL,,0,[],
Danny L. Stover,IL,,0,[],
David McSweeney,IL,,0,[],
Eric Dickerson,IN,,0,[],
Garth McGinn,KS,,0,[],
John Michael Weaver,KY,,0,[],
Darlene J. Curley,ME,,0,[],
Laurence Scott D'Amboise,ME,,0,[],
Jean M. Hay Bright,ME,,0,[],
Sharon Marie Renier,MI,,0,[],
Mike Bouchard,MI,,0,[],
Mike Hatch,MN,,0,[],
Alan Fine,MN,,0,[],
Patricia A. Madrid,NM,,0,[],
Albert D. Kissling,NM,,0,[],
Ronald M. Dolin,NM,,0,[],
Allen W. McCulloch MD,NM,,0,[],
Tessa M. Hafen,NV,,0,[],
David L. Mejias,NY,,0,[],
Jack Davis,NY,,0,[],
Sue W. Kelly,NY,,0,[],
John E. Sweeney,NY,,0,[],
Raymond A. Meier,NY,,0,[],
J. Kenneth Blackwell,OH,,0,[],
Robert Shamansky,OH,,0,[],
L. Craig Foltin,OH,,0,[],
Joy Padgett,OH,,0,[],
Lois Murphy,PA,,0,[],
W. Curtis Weldon,PA,,0,[],
Diana Irey Vaughan,PA,,0,[],
Tommy Moore,SC,,0,[],
Ralph Norman,SC,4.0,0,"[[""U.S. House South Carolina District 5"", 2017, null]]",https://ballotpedia.org/Ralph_Norman
Bruce W. Whalen,SD,,0,[],
Ciro D. Rodriguez,TX,2.0,0,"[[""Bexar County Justice of the Peace Precinct 1 Place 2"", 2014, 2021]]",https://ballotpedia.org/Ciro_D._Rodriguez
Van Taylor,TX,4.0,0,"[[""U.S. House Texas District 3"", 2019, 2023], [""Texas State Senate District 8"", 2015, 2019]]",https://ballotpedia.org/Van_Taylor
Shelley Sekula Gibbs,TX,,0,[],
Henry Bonilla,TX,,0,[],
Steve Olsen,UT,,0,[],
Christian Burridge,UT,,0,[],
LaVar Christensen,UT,2.0,0,[],https://ballotpedia.org/LaVar_Christensen
Pete Ashdown,UT,,0,[],
Albert C. Weed,VA,,0,[],
Peter J. Goldmark,WA,1.0,0,[],https://ballotpedia.org/Peter_J._Goldmark
Darcy Burner,WA,,0,[],
Douglas R. Roulstone,WA,,0,[],
Mike McGavick,WA,,0,[],
John G. Gard,WI,,0,[],
Ethan Berkowitz,AK,2.0,0,"[[""Mayor of Anchorage"", 2015, 2020]]",https://ballotpedia.org/Ethan_Berkowitz
Jay Love,AL,2.0,0,[],https://ballotpedia.org/Jay_Love
Wayne Parker,AL,,0,[],
Rebekah J. Kennedy,AR,,0,[],
Bob Lord,AZ,,0,[],
Nicholas Leibham,CA,,0,[],
Dean Andal,CA,,0,[],
Sean P. Sullivan,CT,,0,[],
Karen M. Hartley-Nagle,DE,,0,[],
Christine O'Donnell,DE,,0,[],
Bill Mitchell,FL,,0,[],
Bob Hackworth,FL,,0,[],
Annette Taddeo,FL,,0,[],
Raul L. Martinez,FL,,0,[],
Joe Garcia,FL,,0,[],
Richard N. Goddard,GA,,0,[],
Becky Greenwald,IA,,0,[],
Deborah Holmes,ID,,0,[],
James D. Oberweis,IL,,0,[],
Marty Ozinga,IL,,0,[],
Michael A. Montagano,IN,,0,[],
Jonathan R. Elrod,IN,,0,[],
Mike Sodrel,IN,,0,[],
Donald Betts,KS,,0,[],
Nick Jordan,KS,,0,[],
David E. Boswell,KY,,0,[],
Michael Kelley,KY,,0,[],
Donald J. Cazayoux,LA,,0,[],
Woody Jenkins,LA,,0,[],
Jeffrey K. Beatty,MA,,0,[],
John N. Frary,ME,,0,[],
Joseph K. Knollenberg,MI,,0,[],
Jacob W. Hoogendyk Jr.,MI,,0,[],
Ashwin Madia,MN,,0,[],
Kenny Hulshof,MO,,0,[],
Kay Waldo Barnes,MO,,0,[],
Judy Baker,MO,,0,[],
Greg Davis,MS,,0,[],
Ronnie Musgrove,MS,,0,[],
James D. Esch,NE,,0,[],
Jennifer M. Horn,NH,,0,[],
David Kurkowski,NJ,,0,[],
Darren White,NM,,0,[],
Edward R. Tinsley,NM,,0,[],
Daniel K. East,NM,,0,[],
Alice Kryzan,NY,,0,[],
Dale A. Sweetland,NY,,0,[],
Victoria Wells Wulsin,OH,,0,[],
Sharen Swartz Neuhardt,OH,,0,[],
Kirk J. Schuring,OH,,0,[],
Mike Erickson,OR,,0,[],
William Russell,PA,,0,[],
Linda Ketner,SC,,0,[],
Robert D. Tuke,TN,,0,[],
Michael Peter Skelly,TX,,0,[],
Morgan E. Bowen,UT,,0,[],
Bennion L. Spencer,UT,,0,[],
Bill Dew,UT,,0,[],
Gaye Symington,VT,,0,[],
Dino Rossi,WA,,0,[],
George B. Fearing,WA,,0,[],
Russ Weeks,WV,,0,[],
Nicholas H. Carter,WY,,0,[],
Harry T. Crawford,AK,,0,[],
Scott T. McAdams,AK,,0,[],
Chad Causey,AR,,0,[],
Joyce Ann Elliott,AR,,0,[],
David Whitaker,AR,,0,[],
Beth Anne Rankin,AR,,0,[],
Samuel Pearson Goddard,AZ,,0,[],
Ruth McClung,AZ,,0,[],
Rodney Britz Glassman,AZ,,0,[],
Ami Bera,CA,,0,[],
Loraine Goodwin,CA,,0,[],
William E. Hedrick,CA,,0,[],
David Harmer,CA,,0,[],
Scott Kirkland,CA,,0,[],
Michael C. Berryhill,CA,,0,[],
Andy Vidak,CA,,0,[],
Van Tran,CA,,0,[],
Ryan Frazier,CO,,0,[],
Ann Brickley,CT,,0,[],
Janet Peckinpaugh,CT,,0,[],
Gerald Labriola,CT,,0,[],
Dan Debicella,CT,2.0,0,"[[""Connecticut State Senate District 21"", null, null]]",https://ballotpedia.org/Dan_Debicella
Sam S.F. Caligiuri,CT,2.0,0,"[[""Connecticut State Senate District 16"", 2007, 2011]]",https://ballotpedia.org/Sam_Caligiuri
Michael F. Yost,FL,,0,[],
Douglass S. Heckman,GA,,0,[],
Mike Keown,GA,2.0,0,[],https://ballotpedia.org/Mike_Keown
Duke Aiona,HI,3.0,0,"[[""Lieutenant Governor of Hawaii"", null, null]]",https://ballotpedia.org/Duke_Aiona
John W. Willoughby,HI,,0,[],
Mariannette Miller-Meeks,IA,4.0,0,"[[""U.S. House Iowa District 1"", 2023, null], [""U.S. House Iowa District 2"", 2021, 2023], [""Iowa State Senate District 41"", 2019, 2021]]",https://ballotpedia.org/Mariannette_Miller-Meeks
Brad Zaun,IA,2.0,0,"[[""Iowa State Senate District 22"", 2023, 2025], [""Iowa State Senate District 20"", 2005, 2023], [""Urbandale City Council"", 1996, 1998]]",https://ballotpedia.org/Brad_Zaun
Mike Crawford,ID,,0,[],
William E. Brady,IL,,0,[],
Joel B. Pollak,IL,,0,[],
Thomas E. Hayhurst,IN,,0,[],
William Trent Van Haaften,IN,,0,[],
Jackie Walorski,IN,4.0,0,"[[""U.S. House Indiana District 2"", 2013, 2022]]",https://ballotpedia.org/Jackie_Walorski
Marvin Bailey Scott,IN,,0,[],
Alan E. Jilka,KS,1.0,0,"[[""Mayor of Salina Kansas"", null, null]]",https://ballotpedia.org/Alan_Jilka
Raj Goyle,KS,,0,[],
Lisa Johnston,KS,,0,[],
Todd Lally,KY,,0,[],
Andy Barr,KY,,0,[],
Sean Bielat,MA,,0,[],
Bill Hudak,MA,,0,[],
Jeffrey Davis Perry,MA,,0,[],
Martha Coakley,MA,,0,[],
Eric Wargotz,MD,,0,[],
C. Peter Scontras,ME,,0,[],
Jason J. Levesque,ME,,0,[],
Gary McDowell,MI,,0,[],
Patrick A. Miles,MI,,0,[],
Rob Steele,MI,,0,[],
Scott Eckersley,MO,,0,[],
Jacob Turk,MO,,0,[],
William Marcy,MS,,0,[],
Ilario Gregory Pantano,NC,,0,[],
Harold Johnson,NC,,0,[],
Jeff Miller,NC,,0,[],
Mike Meister,NE,,0,[],
Tom White,NE,,0,[],
Ann McLane Kuster,NH,,0,[],
Gary S. Stein,NJ,,0,[],
Dale Mark Glading,NJ,,0,[],
Anna C. Little,NJ,,0,[],
Jonathan L. Barela,NM,,0,[],
Thomas E. Mullins,NM,,0,[],
Michael E. McMahon,NY,,0,[],
Scott Murphy,NY,,0,[],
Matthew Zeller,NY,,0,[],
Randolph Altschuler,NY,,0,[],
Francis X. Becker,NY,,0,[],
George K. Phillips,NY,,0,[],
Matthew A. Doheny,NY,,0,[],
Joseph J. DioGuardi,NY,,0,[],
Tom Ganley,OH,,0,[],
L. Scott Bruun,OR,,0,[],
Carson Dee Adcock,PA,,0,[],
John J. Loughlin,RI,,0,[],
Mark S. Zaccaria,RI,,0,[],
Rob Miller,SC,,0,[],
John Wolfe,TN,,0,[],
Lincoln Davis,TN,,0,[],
Roy Brasfield Herron,TN,,0,[],
Peter Corroon,UT,,0,[],
Karen E. Hyer,UT,,0,[],
Morgan J. Philpot,UT,,0,[],
Tom S. Perriello,VA,,0,[],
Frederick C. Boucher,VA,,0,[],
Leonard Wheeler Britton,VT,,0,[],
Denny Heck,WA,,0,[],
Suzan DelBene,WA,,0,[],
Doug R. Cloud,WA,,0,[],
Richard Muri,WA,,0,[],
Michael Angelo Oliverio,WV,,0,[],
Elliott E. Maynard,WV,,0,[],
John Raese,WV,,0,[],
Leslie Petersen,WY,,0,[],
Scott Ellington,AR,,0,[],
Harmon Jeffress,AR,,0,[],
Ron Barber,AZ,,0,[],
Vernon B. Parker,AZ,,0,[],
John S. Hernandez,CA,,0,[],
Ricky Gill,CA,,0,[],
Elizabeth Emken,CA,,0,[],
William Todd Long,FL,,0,[],
Karen Harrington,FL,,0,[],
Benjamin M. Lange,IA,,0,[],
David M. Gill,IL,,0,[],
Brian Woodworth,IL,,0,[],
Mike O'Brien,MI,,0,[],
Syed Taj,MI,,0,[],
Don Volaric,MI,,0,[],
Ryan M. Taylor,ND,,0,[],
Roger Mark Sullivan,NE,,0,[],
Evelyn Madrid Erhard,NM,,0,[],
Mark S. Murphy,NY,,0,[],
Bob Dieterich,NY,,0,[],
Rob Wallace,OK,,0,[],
Robert Y. Cornilles,OR,,0,[],
Harry Perkinson,PA,,0,[],
Matt Varilek,SD,,0,[],
Mark E. Clayton,TN,,0,[],
F. Jay Seegmiller,UT,2.0,0,[],https://ballotpedia.org/F._Jay_Seegmiller
Michael Baumgartner,WA,4.0,0,"[[""U.S. House Washington District 5"", 2025, null], [""Spokane County Treasurer"", 2019, 2025], [""Washington State Senate District 6"", 2011, 2019]]",https://ballotpedia.org/Michael_Baumgartner_(Washington)
Thomas M. Barrett,WI,,0,[],
Rob T. Zerban,WI,,0,[],
Jackie McPherson,AR,,0,[],
Grant Brand,AR,,0,[],
Mark Greenberg,CT,,0,[],
Rose Izzo,DE,,0,[],
Kevin Wade,DE,0.0,0,[],https://ballotpedia.org/Kevin_Wade_(Delaware)
I. Kenneth Dious,GA,,0,[],
Cam Cavasso,HI,2.0,0,[],https://ballotpedia.org/Cam_Cavasso
AJ Balukoff,ID,,0,[],
Margie Wakefield,KS,0.0,0,[],https://ballotpedia.org/Margie_Wakefield
Brian J. Herr,MA,,0,[],
Isaac J. Misiuk,ME,,0,[],
John Lewis,MT,,0,[],
Chuck Hassebrook,NE,,0,[],
William Hughes,NJ,,0,[],
Robert E. Goodman,NV,,0,[],
Constance N. Johnson,OK,,0,[],
Dan Lavallee,PA,,0,[],
Charles Bradley Hutto,SC,,0,[],
Joyce Dickerson,SC,,0,[],
Charles V. Brown,TN,,0,[],
William Gordon Ball,TN,,0,[],
David M. Alameel,TX,,0,[],
Donna M. McAleer,UT,,0,[],
Steve Lindbeck,AK,,0,[],
Doug Applegate,CA,,0,[],
Justin Donald Fareed,CA,,0,[],
Darryl Glenn,CO,,0,[],
Hans Reigle,DE,,0,[],
Randy Perkins,FL,,0,[],
Thuy Lowe,FL,,0,[],
Angela Pendley,GA,,0,[],
James Neal Harris,GA,,0,[],
Don E. Wilson,GA,,0,[],
Patricia Carpenter McCracken,GA,,0,[],
James Piotrowski,ID,,0,[],
Jennifer Martinez,ID,,0,[],
Patrick Wiesner,KS,,0,[],
Foster L. Campbell,LA,,0,[],
John Kennedy,LA,,0,[],
Marvin E. Nelson,ND,,0,[],
David H. Cole,NJ,,0,[],
Merrie Lee Soules,NM,,0,[],
Richard Priem,NM,,0,[],
Anna Throne-Holst,NY,,0,[],
Colleen Deacon,NY,,0,[],
Mike Workman,OK,,0,[],
William C. Pierce,OR,,0,[],
Francis Person,SC,,0,[],
Jay H. Williams,SD,,0,[],
Mike Weinholtz,UT,,0,[],
Jane DeSimone Dittmar,VA,,0,[],
LuAnn L. Bennett,VA,,0,[],
Ryan A. Solen,WI,,0,[],
William Paul Cole,WV,,0,[],
Billy Toien,AK,,0,[],
Jared K. Henderson,AR,,0,[],
Mark A. West,AR,,0,[],
Joe Swafford,AR,,0,[],
Chintan Desai,AR,,0,[],
Elvis Presley,AR,,0,[],
Michael J. Kalagias,AR,,0,[],
Tom Canada,AR,,0,[],
Angel A. Torres,AZ,,0,[],
Haryaksha Gregor Knauer,AZ,,0,[],
Matthew G. Heinz,AZ,,0,[],
Angela Green,AZ,,0,[],
Adam C. Kokesh,AZ,,0,[],
Andrew Janz,CA,,0,[],
Andrew Grant,CA,,0,[],
Wayne Liebnitzky,FL,,0,[],
Troy Hageman,IA,,0,[],
Christopher Peters,IA,,0,[],
Randall Auxier,IL,,0,[],
Kelly Standley,KS,,0,[],
Arvin Vohra,MD,,0,[],
Dave Hughes,MN,,0,[],
Dennis Schuller,MN,0.0,0,[],https://ballotpedia.org/Dennis_Schuller
Danny Bedwell,MS,,0,[],
Elinor Swanson,MT,,0,[],
Kara Eastman,NE,,0,[],
Jilletta Jarvis,NH,,0,[],
Seth Grossman,NJ,,0,[],
Murray Sabrin,NJ,,0,[],
Christopher Manning,NM,,0,[],
John J. Faso,NY,4.0,0,"[[""U.S. House New York District 19"", 2017, 2019]]",https://ballotpedia.org/John_Faso
Dana Balter,NY,,0,[],
Janet Garrett,OH,,0,[],
Stephen Faris,OH,4.0,0,[],https://ballotpedia.org/Stephen_Faris
Bruce Jaynes,OH,,0,[],
Jamie McLeod-Skinner,OR,0.0,0,[],https://ballotpedia.org/Jamie_McLeod-Skinner
Mark Callahan,OR,,0,[],
Katie Arrington,SC,2.0,0,[],https://ballotpedia.org/Katie_Arrington
Eric Eliason,UT,,0,[],
Anthony Flaccavento,VA,,0,[],
Alyse S. Galvin,AK,2.0,0,[],https://ballotpedia.org/Alyse_Galvin
Forrest Dunbar,AK,2.0,0,"[[""Alaska State Senate District J"", 2023, null]]",https://ballotpedia.org/Forrest_Dunbar
Ammar Campa-Najjar,CA,,0,[],
Gil Cisneros,CA,4.0,0,"[[""U.S. House California District 31"", 2025, null], [""U.S. House California District 39"", 2019, 2021]]",https://ballotpedia.org/Gil_Cisneros
Christy Smith,CA,2.0,0,"[[""California State Assembly District 38"", 2018, 2020]]",https://ballotpedia.org/Christy_Smith
TJ Cox,CA,4.0,0,"[[""U.S. House California District 21"", 2019, 2021]]",https://ballotpedia.org/TJ_Cox
Harley Rouda,CA,4.0,0,"[[""U.S. House California District 48"", 2019, 2021]]",https://ballotpedia.org/Harley_Rouda
John Ryan Keil,CO,,0,[],
Critter Milton,CO,4.0,0,[],https://ballotpedia.org/Critter_Milton
Joel Greenberg,FL,,0,[],
Bryan Jack Holder,IA,,0,[],
Betsy Dirksen Londrigan,IL,,0,[],
