race_id,state,office,district,candidate,party,display_party,n_polls,poll_avg,poll_lead,avg_margin_over_time,prior_margin_cand,is_incumbent,pred_margin,pred_margin_R3,pred_margin_D3
2026_AK_Governor,AK,Governor,,Tom Begich,DEM,DEM,5,34.519999999999996,13.336666666666662,7.188055555555555,-26.07790651824441,0.0,-8.592998,-11.603631,-6.6283035
2026_AK_Governor,AK,Governor,,Dave Bronson,REP,REP,4,20.375,-14.144999999999996,-8.934166666666666,26.07790651824441,1.0,-21.45714,-20.565321,-25.832855
2026_AK_Governor,AK,Governor,,Bernadette Wilson,REP,REP,6,21.183333333333334,-13.336666666666662,-12.350277777777777,26.07790651824441,1.0,-24.918568,-23.841722,-25.764265
2026_AK_Governor,AK,Governor,,Click Bishop,REP,REP,6,12.0,-22.519999999999996,-18.851666666666667,26.07790651824441,1.0,-33.168476,-30.44557,-35.8043
2026_AK_Governor,AK,Governor,,Jonathan Kreiss-Tomkins,DEM,DEM,1,15.5,-19.019999999999996,-19.019999999999996,-26.07790651824441,0.0,-34.486908,-37.910053,-34.20084
2026_AK_Governor,AK,Governor,,Bill Walker,OTH,OTH,1,10.5,-24.019999999999996,-24.019999999999996,-0.0,0.0,-41.319225,-40.605373,-42.584167
2026_AK_Governor,AK,Governor,,RCV round,OTH,OTH,2,1.0,-33.519999999999996,-28.94083333333333,-0.0,0.0,-45.866943,-45.312836,-46.359436
2026_AK_House-1,AK,House,1,Nick Begich,REP,REP,6,48.48333333333334,12.963333333333338,17.67611111111111,2.4471331009240416,1.0,14.221974,16.198072,11.086719
2026_AK_House-1,AK,House,1,Matt Schultz,DEM,DEM,5,35.52,-12.963333333333338,-12.011333333333333,-2.4471331009240416,0.0,-15.402265,-18.010834,-14.47259
2026_AK_Senate,AK,Senate,,Dan Sullivan,REP,REP,14,45.050000000000004,-2.080769230769228,-1.445632487170948,42.50533954234023,1.0,2.5444834,6.3617873,-0.19992603
2026_AK_Senate,AK,Senate,,Mary S. Peltola,DEM,DEM,13,47.13076923076923,2.080769230769228,1.445632487170948,-42.50533954234023,0.0,-2.1958563,-6.0497193,0.239846
2026_AL_Governor,AL,Governor,,Tommy Tuberville,REP,REP,1,52.6,18.5,18.5,37.72892064696602,1.0,19.99131,21.999434,16.556839
2026_AL_Governor,AL,Governor,,Doug Jones,DEM,DEM,1,34.1,-18.5,-18.5,-37.72892064696602,0.0,-19.82771,-24.266928,-14.26559
2026_AL_House-2,AL,House,2,Rhett Marques,REP,REP,1,45.0,1.0,1.0,-10.0,0.0,4.0984607,4.943751,-0.33976936
2026_AL_House-2,AL,House,2,Shomari Figures,DEM,DEM,1,44.0,-1.0,-1.0,10.0,1.0,-0.18150528,-2.2604103,3.9729548
2026_AR_Senate,AR,Senate,,Tom Cotton,REP,REP,1,58.0,22.0,22.0,34.644171901662695,1.0,23.139174,25.516668,20.979181
2026_AR_Senate,AR,Senate,,Hallie Shoffner,DEM,DEM,1,36.0,-22.0,-22.0,-34.644171901662695,0.0,-23.565193,-25.52999,-21.463114
2026_AZ_Governor,AZ,Governor,,Katie Hobbs,DEM,DEM,13,44.107692307692304,6.107692307692304,1.9388986013986014,0.6687673496816728,1.0,-5.5801,-8.046567,-3.7890575
2026_AZ_Governor,AZ,Governor,,Andy Biggs,REP,REP,11,38.0,-6.107692307692304,-2.0555652680652687,-0.6687673496816728,0.0,-12.769052,-10.432054,-14.019396
2026_AZ_Governor,AZ,Governor,,David Schweikert,REP,REP,3,36.333333333333336,-7.774358974358968,-5.514834239834237,-0.6687673496816728,0.0,-14.123009,-12.494399,-16.31027
2026_AZ_Governor,AZ,Governor,,Hugh Lytle,OTH,OTH,1,6.0,-38.107692307692304,-38.107692307692304,0.0,0.0,-48.577778,-47.3778,-48.75723
2026_AZ_House-1,AZ,House,1,Thomas (Jay) Feely,REP,REP,1,42.0,2.0,2.0,3.8140040137720277,1.0,7.549218,8.40571,7.0615273
2026_AZ_House-1,AZ,House,1,Gina Swoboda,REP,REP,1,40.0,-2.0,-2.0,3.8140040137720277,1.0,-4.634805,-4.2700896,-4.575646
2026_AZ_House-2,AZ,House,2,Eli Crane,REP,REP,1,44.0,3.0,3.0,8.968311964392484,1.0,3.6884198,5.585712,0.3731705
2026_AZ_House-2,AZ,House,2,Jonathan Nez,DEM,DEM,1,41.0,-3.0,-3.0,-8.968311964392484,0.0,-9.4919405,-11.833621,-5.0388947
2026_AZ_House-2,AZ,House,2,Curtis Goodwin,OTH,OTH,1,7.0,-37.0,-37.0,-0.0,0.0,-48.342922,-49.63061,-47.064884
2026_AZ_House-6,AZ,House,6,JoAnna Mendoza,DEM,DEM,4,45.75,2.0,1.6666666666666667,-2.5096238578915546,0.0,0.2523727,-3.6328337,2.349452
2026_AZ_House-6,AZ,House,6,Juan Ciscomani,REP,REP,4,43.75,-2.0,-1.6666666666666667,2.5096238578915546,1.0,-0.61437863,3.297401,-3.7101712
2026_CA_Governor,CA,Governor,,Xavier Becerra,DEM,DEM,4,53.25,19.5,18.041666666666664,18.358980588052205,1.0,19.889055,15.707407,21.069086
2026_CA_Governor,CA,Governor,,Steve Hilton,REP,REP,4,33.75,-19.5,-18.041666666666664,-18.358980588052205,0.0,-21.493118,-16.16981,-23.0631
2026_CA_Governor,CA,Governor,,Neither/would not vote,OTH,OTH,1,1.0,-52.25,-52.25,0.0,0.0,-55.069424,-54.441193,-56.638733
2026_CA_House-11,CA,House,11,Nancy Pelosi,DEM,DEM,1,47.0,13.0,13.0,72.0,1.0,18.725327,19.583122,18.947998
2026_CA_House-11,CA,House,11,Saikat Chakrabarti,DEM,DEM,1,34.0,-13.0,-13.0,72.0,1.0,-9.920216,-12.02957,-7.406027
2026_CA_House-14,CA,House,14,Aisha Wahab,DEM,DEM,1,29.0,20.0,20.0,40.0,1.0,10.56592,9.931501,9.6110735
2026_CA_House-14,CA,House,14,Melissa Hernandez,DEM,DEM,1,9.0,-20.0,-20.0,40.0,1.0,-30.373457,-30.586508,-31.039907
2026_CA_House-14,CA,House,14,Dena Maldonado,REP,REP,1,8.0,-21.0,-21.0,-40.0,0.0,-39.514427,-35.712883,-41.570396
2026_CA_House-14,CA,House,14,Wendy Huang,REP,REP,1,9.0,-20.0,-20.0,-40.0,0.0,-39.873688,-36.71243,-42.479916
2026_CA_House-14,CA,House,14,Rakhi Singh,DEM,DEM,1,2.0,-27.0,-27.0,40.0,1.0,-41.31932,-41.31932,-42.28212
2026_CA_House-14,CA,House,14,Victor Aguilar Jr.,DEM,DEM,1,1.0,-28.0,-28.0,40.0,1.0,-42.13973,-42.13973,-43.102535
2026_CA_House-14,CA,House,14,Matt Ortega,DEM,DEM,1,2.0,-27.0,-27.0,40.0,1.0,-42.880386,-42.880386,-43.843193
2026_CA_House-14,CA,House,14,Carin Elam,DEM,DEM,1,0.0,-29.0,-29.0,40.0,1.0,-43.579075,-43.579075,-44.541874
2026_CA_House-14,CA,House,14,Suzanne Chenault,OTH,OTH,1,1.0,-28.0,-28.0,0.0,0.0,-46.088276,-45.497124,-47.420433
2026_CA_House-22,CA,House,22,Randy Villegas,DEM,DEM,1,48.0,5.0,5.0,-2.0,0.0,0.96342033,-1.5034713,4.2319565
2026_CA_House-22,CA,House,22,David G. Valadao,REP,REP,2,43.0,-5.0,18.5,2.0,1.0,-3.8142428,-1.5839869,-6.995003
2026_CA_House-3,CA,House,3,Kevin Kiley,REP,REP,1,47.0,2.0,2.0,4.0,1.0,1.2509339,4.7833214,-2.1785562
2026_CA_House-3,CA,House,3,Heidi Hall,DEM,DEM,1,45.0,-2.0,-2.0,-4.0,0.0,-3.5560997,-6.2680473,-0.26077604
2026_CA_House-40,CA,House,40,Young Kim,REP,REP,1,44.0,0.0,0.0,2.0,1.0,-7.0069885,-6.919364,-9.24974
2026_CA_House-40,CA,House,40,Ken Calvert,REP,REP,1,44.0,0.0,0.0,2.0,1.0,-7.824009,-7.6704426,-10.066756
2026_CA_House-40,CA,House,40,Esther Kim-Varet,DEM,DEM,1,43.0,-1.0,-1.0,-2.0,0.0,-14.507209,-16.182365,-12.045915
2026_CA_House-48,CA,House,48,Ammar Campa-Najjar,DEM,DEM,1,43.0,3.0,3.0,-14.0,0.0,-0.63254744,-4.1285186,2.2993927
2026_CA_House-48,CA,House,48,Darrell Issa,REP,REP,1,40.0,-3.0,-3.0,14.0,1.0,-2.894904,0.038389914,-5.6579933
2026_CO_House-3,CO,House,3,Jeff Hurd,REP,REP,2,47.0,7.0,8.0,4.981474168224111,1.0,6.192987,8.771214,3.4694746
2026_CO_House-3,CO,House,3,Alex Kelloff,DEM,DEM,2,40.0,-7.0,-8.0,-4.981474168224111,0.0,-10.088908,-12.7014065,-7.2180533
2026_CO_House-5,CO,House,5,Jeff Crank,REP,REP,1,43.0,3.0,3.0,13.795655716199235,1.0,2.6205804,5.7610226,-0.45055312
2026_CO_House-5,CO,House,5,Jessica Killin,DEM,DEM,1,40.0,-3.0,-3.0,-13.795655716199235,0.0,-6.6746883,-10.006389,-2.894961
2026_CO_House-5,CO,House,5,Matt Cavanaugh,OTH,OTH,1,5.0,-38.0,-38.0,-0.0,0.0,-46.06008,-46.377033,-45.213043
2026_CT_Governor,CT,Governor,,Ryan Fazio,REP,REP,1,36.0,-13.666666666666664,-13.666666666666664,-11.355723924048036,0.0,11.554769,10.307708,8.638836
2026_CT_Governor,CT,Governor,,Ned Lamont,DEM,DEM,3,49.666666666666664,13.666666666666664,37.888888888888886,11.355723924048036,1.0,-7.6823206,-9.396174,-7.3562536
2026_FL_Governor,FL,Governor,,Byron Donalds,REP,REP,19,42.310526315789474,3.9205263157894734,6.208119214829128,19.403160228936898,1.0,4.890837,9.064402,2.7822185
2026_FL_Governor,FL,Governor,,David W. Jolly,DEM,DEM,20,38.39,-3.9205263157894734,-4.4419036156529685,-19.403160228936898,0.0,-6.818197,-9.96803,-4.6756024
2026_FL_Governor,FL,Governor,,Desmond Meade,OTH,OTH,1,4.0,-38.310526315789474,-38.205263157894734,-0.0,0.0,-49.428276,-49.55899,-47.71291
2026_FL_House-13,FL,House,13,Anna Paulina Luna,REP,REP,1,41.0,2.0,2.0,10.0,1.0,4.6943874,7.4636774,0.38673186
2026_FL_House-13,FL,House,13,Leela Gray,DEM,DEM,1,39.0,-2.0,-2.0,-10.0,0.0,-9.947801,-12.455366,-5.785114
2026_FL_House-14,FL,House,14,Kathy Castor,DEM,DEM,1,46.2,7.700000000000003,7.700000000000003,10.0,1.0,-0.73979867,-3.5371814,3.0790634
2026_FL_House-14,FL,House,14,Kevin Steele,REP,REP,1,38.5,-7.700000000000003,-7.700000000000003,-10.0,0.0,-12.725853,-10.231587,-14.120614
2026_FL_House-14,FL,House,14,Mike Beltran,REP,REP,1,37.5,-8.700000000000003,-8.700000000000003,-10.0,0.0,-13.269584,-11.403445,-14.29449
2026_FL_House-25,FL,House,25,Oliver Larkin,DEM,DEM,1,43.0,2.8999999999999986,2.8999999999999986,10.0,1.0,-13.272241,-14.715867,-12.82322
2026_FL_House-25,FL,House,25,Jared Moskowitz,DEM,DEM,1,40.1,-2.8999999999999986,-0.6499999999999986,10.0,1.0,-14.048272,-14.95427,-9.693828
2026_FL_House-25,FL,House,25,George Moraitis,REP,REP,2,36.25,-6.75,-4.175000000000001,-10.0,0.0,-17.434994,-16.65301,-18.982265
2026_FL_House-25,FL,House,25,Scott Singer,REP,REP,2,32.85,-10.149999999999999,-8.774999999999999,-10.0,0.0,-20.512875,-18.708961,-21.752043
2026_FL_House-27,FL,House,27,María Elvira Salazar,REP,REP,3,45.666666666666664,2.6666666666666643,31.388888888888886,12.0,1.0,-2.694669,0.51470417,-4.459561
2026_FL_House-27,FL,House,27,Robin Peguero,DEM,DEM,1,40.0,-5.666666666666664,-5.666666666666664,-12.0,0.0,-18.522587,-18.961359,-16.128439
2026_FL_House-27,FL,House,27,Eliott Rodriguez,DEM,DEM,1,43.0,-2.6666666666666643,-2.6666666666666643,-12.0,0.0,-18.8801,-20.463028,-16.746943
2026_FL_House-28,FL,House,28,Carlos A. Gimenez,REP,REP,1,46.0,6.0,6.0,20.0,1.0,11.930972,14.177428,9.43534
2026_FL_House-28,FL,House,28,Hector Mujica,DEM,DEM,1,40.0,-6.0,-6.0,-20.0,0.0,-11.106027,-12.899571,-7.6579027
2026_FL_House-7,FL,House,7,Cory Mills,REP,REP,1,39.0,-2.0,-2.0,10.0,1.0,-0.5281792,3.384404,-3.1762984
2026_FL_House-7,FL,House,7,Bale Dalton,DEM,DEM,1,41.0,2.0,2.0,-10.0,0.0,-3.8260736,-7.999349,-0.77787226
2026_FL_Senate,FL,Senate,,Ashley Moody,REP,REP,14,46.714285714285715,5.88095238095238,12.200662798739721,12.778416922706803,,-0.47548807,2.8692324,-3.6203768
2026_FL_Senate,FL,Senate,,Alexander Vindman,DEM,DEM,12,40.833333333333336,-5.88095238095238,-6.191692398510582,-12.778416922706803,,-14.412932,-15.46426,-12.949153
2026_FL_Senate,FL,Senate,,Angie Nixon,DEM,DEM,4,38.5,-8.214285714285715,-8.997641499914227,-12.778416922706803,,-18.519987,-18.79176,-18.16023
2026_FL_Senate-S,FL,Senate,S,Ashley Moody,REP,REP,14,46.83571428571429,5.5523809523809575,12.305803832919217,,,-0.947418,2.8163273,-3.776837
2026_FL_Senate-S,FL,Senate,S,Alexander Vindman,DEM,DEM,12,41.28333333333333,-5.5523809523809575,-6.3159499843590785,,,-12.85245,-14.829889,-10.705801
2026_FL_Senate-S,FL,Senate,S,Angie Nixon,DEM,DEM,4,38.475,-8.360714285714288,-9.003734321234326,,,-15.695934,-16.721426,-13.260334
2026_GA_Governor,GA,Governor,,Keisha Lance Bottoms,DEM,DEM,5,48.94,5.899999999999999,6.238333333333334,-7.535245540050518,0.0,5.222145,1.8445194,8.405672
2026_GA_Governor,GA,Governor,,Rick Jackson,REP,REP,5,43.04,-5.899999999999999,-6.238333333333334,7.535245540050518,1.0,-5.7649584,-3.0448577,-8.772466
2026_GA_Senate,GA,Senate,,Jon Ossoff,DEM,DEM,20,47.63,5.711818181818181,8.159597768042318,0.9572085233353107,1.0,4.3846726,1.8177909,8.333865
2026_GA_Senate,GA,Senate,,Mike Collins,REP,REP,11,41.91818181818182,-5.711818181818181,-8.159597768042318,-0.9572085233353107,0.0,-4.5414824,-1.2035242,-7.2344875
2026_IA_Governor,IA,Governor,,Rob Sand,DEM,DEM,6,49.98333333333333,6.258333333333326,24.71333333333333,-18.516627055056873,0.0,4.798409,1.89327,8.397579
2026_IA_Governor,IA,Governor,,Zach Lahn,REP,REP,4,43.725,-6.258333333333326,-7.6888888888888856,18.516627055056873,1.0,-4.89369,-2.0456066,-7.8889327
2026_IA_House-1,IA,House,1,Christina Bohannan,DEM,DEM,1,43.0,4.0,4.0,-0.19295881452286778,0.0,1.0228268,-0.8744842,3.7179115
2026_IA_House-1,IA,House,1,Mariannette Miller-Meeks,REP,REP,1,39.0,-4.0,-4.0,0.19295881452286778,1.0,-2.554346,-1.8443067,-5.4661393
2026_IA_House-2,IA,House,2,Lindsay James,DEM,DEM,1,36.0,3.0,3.0,-15.557653827525307,0.0,-1.7993072,-5.8615637,0.8616325
2026_IA_House-2,IA,House,2,Joe Mitchell,REP,REP,1,33.0,-3.0,-3.0,15.557653827525307,1.0,-3.130455,1.2106899,-5.9407916
2026_IA_House-3,IA,House,3,Sarah Trone Garriott,DEM,DEM,2,47.5,3.5,7.25,-3.8226710744602244,0.0,1.1230322,-0.58503634,3.794173
2026_IA_House-3,IA,House,3,Zach Nunn,REP,REP,3,44.0,-3.5,9.833333333333334,3.8226710744602244,1.0,-1.1147655,0.9659532,-4.61827
2026_IA_Senate,IA,Senate,,Ashley Hinson,REP,REP,8,45.9375,0.8041666666666671,1.7152210884353747,12.178645226302457,1.0,3.1962914,5.269624,-0.698125
2026_IA_Senate,IA,Senate,,Josh Turek,DEM,DEM,9,45.13333333333333,-0.8041666666666671,3.874181547619047,-12.178645226302457,0.0,-4.161944,-5.933469,-0.111484975
2026_ID_Senate,ID,Senate,,James E. Risch,REP,REP,3,47.666666666666664,21.999999999999996,15.0,31.94012421939785,1.0,18.580814,20.364723,16.841
2026_ID_Senate,ID,Senate,,Todd Achilles,OTH,OTH,3,25.666666666666668,-21.999999999999996,-15.0,-0.0,0.0,-32.87814,-33.865807,-30.229748
2026_ID_Senate,ID,Senate,,David Roth,DEM,DEM,2,24.0,-23.666666666666664,-17.333333333333332,-31.94012421939785,0.0,-36.882385,-39.09487,-33.814476
2026_ID_Senate,ID,Senate,,Natalie Fleming,OTH,OTH,1,5.0,-42.666666666666664,-42.666666666666664,-0.0,0.0,-51.117355,-51.433758,-50.347317
2026_ID_Senate,ID,Senate,,Matt Loesby,OTH,OTH,1,2.0,-45.666666666666664,-45.666666666666664,-0.0,0.0,-52.12324,-53.74439,-50.60465
2026_IL_Governor,IL,Governor,,J.B. Pritzker,DEM,DEM,1,54.3,20.299999999999997,20.299999999999997,12.538334702516856,1.0,18.714308,16.049015,19.995184
2026_IL_Governor,IL,Governor,,Darren Bailey,REP,REP,1,34.0,-20.299999999999997,-20.299999999999997,-12.538334702516856,0.0,-20.887592,-15.789874,-23.007753
2026_KS_Senate,KS,Senate,,Roger Marshall,REP,REP,2,51.5,6.0,7.0,22.962398353758765,1.0,12.585431,15.449984,10.205347
2026_KS_Senate,KS,Senate,,Patrick Schmidt,DEM,DEM,2,45.5,-6.0,-7.0,-22.962398353758765,0.0,-14.940453,-14.745893,-13.322821
2026_KY_House-6,KY,House,6,Ralph Alvarado,REP,REP,2,39.5,1.0,0.0,26.074331183820235,1.0,4.524955,5.1831017,0.19652277
2026_KY_House-6,KY,House,6,Zach Dembo,DEM,DEM,2,38.5,-1.0,0.0,-26.074331183820235,0.0,-9.388134,-10.928822,-5.551071
2026_KY_Senate,KY,Senate,,Andy Barr,REP,REP,1,49.0,3.0,3.0,23.61672181509376,1.0,-7.0572534,-6.346989,-7.831977
2026_KY_Senate,KY,Senate,,Daniel Cameron,REP,REP,1,46.0,-3.0,-3.0,23.61672181509376,1.0,-12.771953,-12.530475,-12.835208
2026_KY_Senate,KY,Senate,,Nate Morris,REP,REP,1,41.0,-8.0,-8.0,23.61672181509376,1.0,-14.301541,-13.887063,-14.580216
2026_KY_Senate,KY,Senate,,Charles Booker,DEM,DEM,1,36.0,-13.0,-13.0,-23.61672181509376,0.0,-23.621248,-25.484137,-22.731922
2026_KY_Senate,KY,Senate,,Amy McGrath,DEM,DEM,1,35.0,-14.0,-14.0,-23.61672181509376,0.0,-26.42363,-29.007565,-25.362423
2026_MA_Governor,MA,Governor,,Maura Healey,DEM,DEM,11,50.21818181818182,20.384848484848487,22.46528298861632,29.073053508232746,1.0,15.748616,12.848415,17.141087
2026_MA_Governor,MA,Governor,,Mike Minogue,REP,REP,6,29.833333333333332,-20.384848484848487,-20.61320226070226,-29.073053508232746,0.0,-24.955347,-23.634602,-25.6338
2026_MA_Governor,MA,Governor,,Brian Shortsleeve,REP,REP,10,26.170000000000005,-24.048181818181813,-24.887324434824436,-29.073053508232746,0.0,-33.80926,-32.661922,-36.079456
2026_MA_Senate,MA,Senate,,Seth Moulton,DEM,DEM,5,54.160000000000004,6.250909090909097,8.520852573352574,19.811804149519574,1.0,5.7654805,4.6381836,6.558137
2026_MA_Senate,MA,Senate,,Edward J. Markey,DEM,DEM,11,47.90909090909091,-6.250909090909097,3.1990612473945785,19.811804149519574,1.0,-5.940791,-6.3115454,-4.5738807
2026_MA_Senate,MA,Senate,,John Deaton,REP,REP,8,27.4,-26.760000000000005,-24.3330612244898,-19.811804149519574,0.0,-33.502136,-30.791498,-34.559216
2026_MD_Governor,MD,Governor,,Wes Moore,DEM,DEM,2,47.45,10.450000000000003,9.225000000000001,32.41255461362651,1.0,10.300608,8.136517,13.291531
2026_MD_Governor,MD,Governor,,Larry Hogan,REP,REP,1,37.0,-10.450000000000003,-9.225000000000001,-32.41255461362651,0.0,-11.783506,-9.877649,-13.077607
2026_ME_Governor,ME,Governor,,Hannah Pingree,DEM,DEM,5,50.92,13.119999999999997,12.906666666666665,13.24283153989471,1.0,-1.0449752,-2.911561,3.190086
2026_ME_Governor,ME,Governor,,Bobby Charles,REP,REP,3,37.800000000000004,-13.119999999999997,-12.906666666666665,-13.24283153989471,0.0,-14.406267,-13.474063,-16.054539
2026_ME_Governor,ME,Governor,,Robert Charles,REP,REP,3,37.666666666666664,-13.253333333333337,-13.151111111111112,-13.24283153989471,0.0,-15.516803,-14.483615,-17.05721
2026_ME_Governor,ME,Governor,,Rick Bennett,OTH,OTH,3,7.366666666666667,-43.553333333333335,-42.88444444444445,0.0,0.0,-48.003986,-47.742237,-48.514694
2026_ME_House-2,ME,House,2,Paul R. LePage,REP,REP,13,46.53846153846154,3.53846153846154,11.313092185592186,-0.4935046220850552,0.0,5.7506924,8.423127,3.0492625
2026_ME_House-2,ME,House,2,Matt Dunlap,DEM,DEM,4,43.0,-3.53846153846154,-7.236769095102428,0.4935046220850552,1.0,-5.98482,-8.845564,-3.4095495
2026_ME_Senate,ME,Senate,,Susan M. Collins,REP,REP,29,43.893103448275866,-4.773563218390798,-3.249663158652114,23.81229120521649,1.0,-12.492766,-10.83009,-14.985065
2026_ME_Senate,ME,Senate,,Troy Jackson,DEM,DEM,3,48.666666666666664,1.6386666666666656,1.2910555555555543,-23.81229120521649,0.0,-14.4350605,-15.086454,-12.693429
2026_ME_Senate,ME,Senate,,Shenna Bellows,DEM,DEM,1,47.0,-1.6666666666666643,-1.5833333333333321,-23.81229120521649,0.0,-18.224646,-18.628868,-16.746935
2026_ME_Senate,ME,Senate,,Graham Platner,DEM,DEM,25,47.028,-1.6386666666666656,1.1130829015085362,-23.81229120521649,0.0,-18.315239,-18.770063,-17.22239
2026_ME_Senate,ME,Senate,,Janet T. Mills,DEM,DEM,15,44.093333333333334,-4.573333333333331,-1.9858762348418693,-23.81229120521649,0.0,-19.481447,-20.182394,-18.939697
2026_ME_Senate,ME,Senate,,Nirav Shah,DEM,DEM,1,45.0,-3.6666666666666643,-3.583333333333332,-23.81229120521649,0.0,-20.302336,-20.551928,-19.504309
2026_ME_Senate,ME,Senate,,Jordan Wood,DEM,DEM,2,40.0,-8.666666666666664,-3.38709801512175,-23.81229120521649,0.0,-23.110945,-23.310913,-21.712004
2026_MI_Governor,MI,Governor,,Jocelyn Benson,DEM,DEM,23,36.417391304347824,3.7219367588932784,2.971463574757255,10.530545686974278,1.0,-6.65717,-13.298565,-4.0810823
2026_MI_Governor,MI,Governor,,John James,REP,REP,22,32.695454545454545,-3.7219367588932784,-3.1751672784609593,-10.530545686974278,0.0,-20.433184,-17.578773,-21.338884
2026_MI_Governor,MI,Governor,,Mike Cox,REP,REP,9,31.333333333333332,-5.0840579710144915,-4.75410442486888,-10.530545686974278,0.0,-21.641258,-20.463207,-23.038885
2026_MI_Governor,MI,Governor,,Perry Johnson,REP,REP,4,31.5,-4.917391304347824,-6.55313542007192,-10.530545686974278,0.0,-22.68045,-21.360254,-23.719296
2026_MI_House-10,MI,House,10,Christina Hines,DEM,DEM,1,44.0,1.0,1.0,-6.1307168334897,0.0,-15.388346,-18.192205,-15.235426
2026_MI_House-10,MI,House,10,Mike Bouchard,REP,REP,1,43.0,-1.0,-1.0,6.1307168334897,1.0,-15.820158,-12.9182205,-17.244873
2026_MI_House-10,MI,House,10,Tim Greimel,DEM,DEM,1,42.0,-2.0,-2.0,-6.1307168334897,0.0,-15.944242,-17.578352,-15.065057
2026_MI_House-10,MI,House,10,Eric Chung,DEM,DEM,1,41.0,-3.0,-3.0,-6.1307168334897,0.0,-19.046906,-20.446877,-18.644579
2026_MI_House-4,MI,House,4,Bill Huizenga,REP,REP,3,45.666666666666664,1.6666666666666643,2.555555555555555,11.70643727234939,1.0,2.3479066,3.4870362,-1.5557749
2026_MI_House-4,MI,House,4,Sean McCann,DEM,DEM,3,44.0,-1.6666666666666643,-2.555555555555555,-11.70643727234939,0.0,-1.4360355,-3.8068633,3.3004696
2026_MI_House-7,MI,House,7,Tom Barrett,REP,REP,4,44.5,-3.5,-3.0,3.7175768220850145,1.0,-14.145606,-12.097683,-15.547854
2026_MI_House-7,MI,House,7,William Lawrence,DEM,DEM,1,48.0,2.5,2.5,-3.7175768220850145,0.0,-15.906511,-17.333483,-14.36224
2026_MI_House-7,MI,House,7,Matt Maasdam,DEM,DEM,4,44.75,-3.25,-2.020833333333332,-3.7175768220850145,0.0,-17.30838,-17.179565,-16.193806
2026_MI_House-7,MI,House,7,Bridget Brink,DEM,DEM,4,45.5,-2.5,0.5833333333333321,-3.7175768220850145,0.0,-17.348362,-17.200981,-16.30854
2026_MI_Senate,MI,Senate,,Haley Stevens,DEM,DEM,19,43.5,-0.4869565217391383,-1.8872070885023513,0.3407811142068624,1.0,-12.225231,-14.830235,-11.018185
2026_MI_Senate,MI,Senate,,Mike Rogers,REP,REP,23,43.98695652173914,0.4869565217391383,4.318473361363332,-0.3407811142068624,0.0,-12.845681,-11.644029,-15.756676
2026_MI_Senate,MI,Senate,,Abdul El-Sayed,DEM,DEM,16,42.75,-1.2369565217391383,-4.292365435965918,0.3407811142068624,1.0,-15.373616,-17.126408,-14.312789
2026_MI_Senate,MI,Senate,,Mallory McMorrow,DEM,DEM,17,42.45882352941177,-1.5281329923273717,-2.0739108095057777,0.3407811142068624,1.0,-16.212833,-18.085146,-14.701646
2026_MN_Governor,MN,Governor,,Amy Klobuchar,OTH,OTH,3,50.26666666666667,0.9333333333333371,1.1111111111111118,0.0,0.0,-12.139653,-13.211676,-10.826231
2026_MN_Governor,MN,Governor,,Amy Klobuchar (DFL),OTH,OTH,3,49.333333333333336,-0.9333333333333371,-1.1111111111111118,0.0,0.0,-14.696667,-13.741652,-15.099043
2026_MN_Governor,MN,Governor,,Lisa Demuth,REP,REP,4,37.925,-12.341666666666676,-14.630555555555558,-7.663639177093209,0.0,-19.142092,-18.142822,-20.9006
2026_MN_Governor,MN,Governor,,Kendall Qualls,REP,REP,4,36.0,-14.266666666666673,-2.166666666666668,-7.663639177093209,0.0,-20.611029,-19.583658,-24.019396
2026_MN_Governor,MN,Governor,,Michael James Lindell,REP,REP,4,33.725,-16.54166666666667,-18.16388888888889,-7.663639177093209,0.0,-26.06462,-22.277431,-29.685194
2026_MN_House-1,MN,House,1,Brad Finstad,REP,REP,2,48.0,6.5,4.75,17.09582336911184,1.0,8.268852,10.899605,5.5610847
2026_MN_House-1,MN,House,1,Jake Johnson,DEM,DEM,2,41.5,-6.5,-4.75,-17.09582336911184,0.0,-10.822102,-13.051521,-7.365565
2026_MN_Senate,MN,Senate,,Angie Craig,DEM,DEM,4,48.4,-0.10000000000000142,-0.05833333333333357,15.7001658345674,1.0,-9.599924,-11.591647,-8.534242
2026_MN_Senate,MN,Senate,,Peggy Flanagan,DEM,DEM,4,48.025,-0.4750000000000014,-0.7770833333333336,15.7001658345674,1.0,-12.709972,-14.674207,-11.35305
2026_MN_Senate,MN,Senate,,Angie Craig (DFL),OTH,OTH,4,48.5,0.10000000000000142,0.05833333333333357,0.0,0.0,-16.196278,-15.683729,-17.486784
2026_MN_Senate,MN,Senate,,Peggy Flanagan (DFL),OTH,OTH,4,48.0,-0.5,-0.7916666666666661,0.0,0.0,-16.855366,-16.770866,-17.771112
2026_MN_Senate,MN,Senate,,Michele Tafoya,REP,REP,3,43.06666666666666,-5.433333333333337,-4.375,-15.7001658345674,0.0,-16.999804,-15.915982,-19.08465
2026_MO_House-2,MO,House,2,Ann Wagner,REP,REP,2,45.0,4.0,25.0,8.0,1.0,2.9544168,6.892617,1.7521652
2026_MO_House-2,MO,House,2,Fred Wellman,DEM,DEM,1,41.0,-4.0,-4.0,-8.0,0.0,-11.928733,-15.577414,-9.65663
2026_MO_House-2,MO,House,2,Don't know/Someone else,OTH,OTH,1,15.0,-30.0,-30.0,-0.0,0.0,-44.382694,-44.67821,-43.367588
2026_MS_Senate,MS,Senate,,Generic Opponent,OTH,OTH,2,49.5,9.5,8.75,-0.0,0.0,-5.1498985,-5.601274,-5.098676
2026_MS_Senate,MS,Senate,,Cindy Hyde-Smith,REP,REP,2,40.0,-9.5,-8.75,25.624382405477704,1.0,-9.058626,-8.237149,-10.236079
2026_MS_Senate,MS,Senate,,Scott Colom,DEM,DEM,2,38.5,-11.0,-9.5,-25.624382405477704,0.0,-16.601715,-17.649939,-15.584949
2026_MS_Senate,MS,Senate,,Ty Pinkins,OTH,OTH,1,6.0,-43.5,-43.5,-0.0,0.0,-49.172985,-49.400795,-49.172985
2026_MT_House-1,MT,House,1,Aaron Flint,REP,REP,2,46.0,4.333333333333336,5.916666666666668,7.678749852606238,1.0,2.0853555,5.555054,1.0578495
2026_MT_House-1,MT,House,1,Sam Forstag,DEM,DEM,3,41.666666666666664,-4.333333333333336,8.722222222222221,-7.678749852606238,0.0,-7.7085404,-10.899183,-4.261023
2026_MT_House-1,MT,House,1,Tim Sheehy,REP,REP,1,5.0,-41.0,-41.0,7.678749852606238,1.0,-44.463272,-44.189327,-44.341335
2026_MT_Senate,MT,Senate,,Kurt Alme,REP,REP,6,45.63333333333333,16.883333333333333,17.00125,7.143045341220102,1.0,9.426936,12.354542,7.9694233
2026_MT_Senate,MT,Senate,,Alani Bankhead,DEM,DEM,4,28.75,-16.883333333333333,-18.741666666666667,-7.143045341220102,0.0,-26.216015,-32.335777,-24.230564
2026_MT_Senate,MT,Senate,,Seth Bodnar,OTH,OTH,9,26.455555555555556,-19.177777777777777,-5.327685185185186,-0.0,0.0,-27.834257,-27.695593,-27.100058
2026_MT_Senate,MT,Senate,,Kyle Austin,OTH,OTH,2,4.0,-41.63333333333333,-41.61666666666667,-0.0,0.0,-43.626106,-43.626106,-43.626106
2026_NC_House-1,NC,House,1,Don Davis,DEM,DEM,3,42.666666666666664,2.3333333333333286,2.2777777777777763,-2.0,1.0,0.31290096,-3.334194,3.4647875
2026_NC_House-1,NC,House,1,Laurie Buckhout,REP,REP,3,40.333333333333336,-2.3333333333333286,-2.2777777777777763,2.0,0.0,-5.4696836,-1.5944291,-8.330665
2026_NC_House-1,NC,House,1,Thomas Aaron Bailey,OTH,OTH,2,8.5,-34.166666666666664,-33.22222222222222,0.0,0.0,-46.584526,-46.68329,-47.209362
2026_NC_House-10,NC,House,10,Pat Harrigan,REP,REP,1,52.0,15.0,15.0,18.0,1.0,17.736332,20.746788,14.739059
2026_NC_House-10,NC,House,10,Ashley Bell,DEM,DEM,1,37.0,-15.0,-15.0,-18.0,0.0,-19.334574,-22.419842,-17.664198
2026_NC_House-11,NC,House,11,Chuck Edwards,REP,REP,1,44.0,-1.0,-1.0,10.0,1.0,0.6892921,4.4743505,-0.9650202
2026_NC_House-11,NC,House,11,Jamie Ager,DEM,DEM,1,45.0,1.0,1.0,-10.0,0.0,-0.87752515,-4.3452325,0.2724815
2026_NC_House-14,NC,House,14,Tim Moore,REP,REP,1,48.0,8.0,8.0,16.0,1.0,12.754383,15.184209,10.143065
2026_NC_House-14,NC,House,14,LaKesha Womack,DEM,DEM,1,40.0,-8.0,-8.0,-16.0,0.0,-18.677868,-18.402393,-18.235455
2026_NC_Senate,NC,Senate,,Roy A. Cooper,DEM,DEM,23,47.91304347826087,8.048043478260865,12.386164151172272,-3.22574063494654,0.0,6.2632337,2.32183,8.4474
2026_NC_Senate,NC,Senate,,Michael Whatley,REP,REP,20,39.865,-8.048043478260865,-7.086611122409999,3.22574063494654,1.0,-8.578243,-5.86762,-9.655723
2026_NE_Governor,NE,Governor,,Jim Pillen,REP,REP,4,46.0,6.0,8.458333333333332,23.242585040284396,1.0,7.8430386,10.982698,5.3640985
2026_NE_Governor,NE,Governor,,Lynne Walz,DEM,DEM,4,40.0,-6.0,-8.458333333333332,-23.242585040284396,0.0,-7.847862,-10.362894,-4.828014
2026_NE_House-1,NE,House,1,Mike Flood,REP,REP,2,42.5,7.0,6.5,20.208167097677666,1.0,5.64908,8.714747,1.7835785
2026_NE_House-1,NE,House,1,Chris Backemeyer,DEM,DEM,2,35.5,-7.0,-6.5,-20.208167097677666,0.0,-18.92767,-20.58425,-17.350872
2026_NE_House-1,NE,House,1,Austin Ahlman,OTH,OTH,2,22.5,-20.0,-14.0,-0.0,0.0,-35.594097,-38.203342,-33.772663
2026_NE_House-2,NE,House,2,John Cavanaugh,DEM,DEM,1,46.0,2.0,2.0,-1.8530233622725873,0.0,1.4653435,1.4653435,1.778695
2026_NE_House-2,NE,House,2,Denise Powell,DEM,DEM,1,44.0,-2.0,-2.0,-1.8530233622725873,0.0,-1.6868249,-2.4187098,-1.6911898
2026_NE_Senate,NE,Senate,,Pete Ricketts,REP,REP,5,47.6,1.0,0.5666666666666658,16.05975443783806,1.0,4.538111,6.3893485,0.160048
2026_NE_Senate,NE,Senate,,Dan Osborn,DEM,IND,5,46.6,-1.0,-0.5666666666666658,-16.05975443783806,0.0,-6.071999,-7.584232,-2.2028844
2026_NH_Governor,NH,Governor,,Kelly Ayotte,REP,REP,10,45.9,7.699999999999996,23.583843537414964,9.338991092962132,1.0,8.123467,10.479182,4.9660745
2026_NH_Governor,NH,Governor,,Cinde Warmington,DEM,DEM,5,38.2,-7.699999999999996,-7.3967261904761905,-9.338991092962132,0.0,-11.541561,-12.97917,-7.553596
2026_NH_House-2,NH,House,2,Maggie Goodlander,DEM,DEM,8,48.625,13.736111111111114,14.545502645502646,5.960137360782149,1.0,13.905586,10.75055,15.842915
2026_NH_House-2,NH,House,2,Lily Tang Williams,REP,REP,9,34.888888888888886,-13.736111111111114,-14.545502645502646,-5.960137360782149,0.0,-13.924887,-12.233709,-18.326347
2026_NH_Senate,NH,Senate,,Chris Pappas,DEM,DEM,20,46.855000000000004,5.2350000000000065,4.831604459124719,9.06075123797254,1.0,-4.000317,-5.9048514,-1.1126388
2026_NH_Senate,NH,Senate,,John E. Sununu,REP,REP,15,41.62,-5.2350000000000065,-5.154707275896905,-9.06075123797254,0.0,-11.705605,-9.296771,-13.41909
2026_NH_Senate,NH,Senate,,Scott Brown,REP,REP,15,37.28,-9.575000000000003,-5.160229571220928,-9.06075123797254,0.0,-14.209165,-13.458298,-14.577414
2026_NJ_House-2,NJ,House,2,Jeff Van Drew,REP,REP,1,46.0,0.0,46.0,16.9067865023411,1.0,25.027895,25.092539,24.027605
2026_NJ_House-7,NJ,House,7,Thomas H. Kean Jr.,REP,REP,1,43.0,-4.0,-4.0,5.402435801742243,1.0,-8.400211,-7.735595,-10.790731
2026_NJ_House-7,NJ,House,7,Rebecca Bennett,DEM,DEM,1,47.0,1.0,1.0,-5.402435801742243,0.0,-11.693942,-11.699447,-10.531549
2026_NJ_House-7,NJ,House,7,Tina Shah,DEM,DEM,1,46.0,-1.0,-1.0,-5.402435801742243,0.0,-12.8379345,-13.0191145,-11.603329
2026_NJ_House-7,NJ,House,7,Don't know/Would not vote,OTH,OTH,1,10.0,-37.0,-37.0,-0.0,0.0,-47.02078,-46.119263,-48.12473
2026_NM_House-2,NM,House,2,Gabe Vasquez,DEM,DEM,1,43.0,2.0,2.0,4.157966546309773,1.0,4.8623233,0.31894544,6.9682684
2026_NM_House-2,NM,House,2,Greg Cunningham,REP,REP,1,41.0,-2.0,-2.0,-4.157966546309773,0.0,-7.8887253,-3.297361,-10.374979
2026_NV_Governor,NV,Governor,,Joe Lombardo,REP,REP,7,43.58571428571429,2.0,2.1476190476190493,1.5098064806083116,1.0,3.1051276,5.1185594,-1.8719298
2026_NV_Governor,NV,Governor,,Aaron Ford,DEM,DEM,7,41.58571428571429,-2.0,-2.1476190476190493,-1.5098064806083116,0.0,-3.4791427,-6.578392,1.7648462
2026_NV_House-2,NV,House,2,David Flippo,REP,REP,1,46.0,-2.0,-2.0,55.03698846800673,1.0,1.0125526,6.2570996,-1.6692938
2026_NV_House-2,NV,House,2,Teresa Benitez-Thompson,DEM,DEM,1,48.0,2.0,2.0,-55.03698846800673,0.0,-8.888456,-13.770064,-6.147576
2026_NY_Governor,NY,Governor,,Kathy C. Hochul,DEM,DEM,28,46.11071428571428,13.039285714285711,23.42534774215234,7.267882507713594,1.0,14.574992,11.414395,16.644201
2026_NY_Governor,NY,Governor,,Bruce Blakeman,REP,REP,14,33.07142857142857,-13.039285714285711,-16.790766322223206,-7.267882507713594,0.0,-15.780806,-13.288047,-18.453587
2026_NY_House-1,NY,House,1,Nicholas J. LaLota,REP,REP,1,41.0,3.0,3.0,4.6708119970738835,1.0,0.35267043,3.5907273,-2.571934
2026_NY_House-1,NY,House,1,Chris Gallant,DEM,DEM,1,38.0,-3.0,-3.0,-4.6708119970738835,0.0,-4.986519,-8.081739,-2.5005836
2026_NY_House-17,NY,House,17,Cait Conley,DEM,DEM,1,51.0,6.0,6.0,-1.8510808731304778,0.0,5.2653055,1.9595722,7.9210243
2026_NY_House-17,NY,House,17,Mike Lawler,REP,REP,1,45.0,-6.0,-6.0,1.8510808731304778,1.0,-5.2684946,-2.792169,-7.0251503
2026_NY_House-21,NY,House,21,Anthony Constantino,REP,REP,1,45.0,1.0,1.0,21.27552776502983,1.0,-0.8548589,0.4564025,-4.9075
2026_NY_House-21,NY,House,21,Blake Gendebien,DEM,DEM,1,44.0,-1.0,-1.0,-21.27552776502983,0.0,-5.064646,-7.163246,-1.239568
2026_OH_Governor,OH,Governor,,Vivek G. Ramaswamy,REP,REP,16,46.725,0.6062499999999957,2.2598880471380443,25.02940232563145,1.0,3.215334,5.578459,-0.1667125
2026_OH_Governor,OH,Governor,,Amy Acton,DEM,DEM,16,46.118750000000006,-0.6062499999999957,-2.2598880471380443,-25.02940232563145,0.0,-2.9072495,-5.2694316,0.8852364
2026_OH_House-7,OH,House,7,Max Miller,REP,REP,1,44.0,1.0,1.0,10.0,1.0,6.5041585,7.182294,1.1730021
2026_OH_House-7,OH,House,7,Brian Poindexter,DEM,DEM,1,43.0,-1.0,-1.0,-10.0,0.0,-9.300418,-11.051494,-4.9008007
2026_OH_House-9,OH,House,9,Derek Merrin,REP,REP,1,47.0,4.0,4.0,6.0,0.0,1.630854,4.6175375,-0.6030487
2026_OH_House-9,OH,House,9,Marcy Kaptur,DEM,DEM,1,43.0,-4.0,-4.0,-6.0,1.0,-2.4712808,-6.794812,-0.79947793
2026_OH_House-9,OH,House,9,David Gedert,OTH,OTH,1,3.0,-44.0,-44.0,0.0,0.0,-49.819214,-50.57034,-49.301365
2026_OH_Senate-S,OH,Senate,S,Jon Husted,REP,REP,14,47.25714285714285,0.5142857142857125,2.117136038564612,,,2.585703,5.2940307,-1.0352774
2026_OH_Senate-S,OH,Senate,S,Sherrod Brown,DEM,DEM,14,46.74285714285714,-0.5142857142857125,-2.117136038564612,,,-0.8236813,-3.4234643,2.46728
2026_OR_Governor,OR,Governor,,Tina Kotek,DEM,DEM,3,44.666666666666664,0.3333333333333286,2.6111111111111094,3.41684576085715,1.0,0.818504,-1.9717114,3.325737
2026_OR_Governor,OR,Governor,,Christine Drazan,REP,REP,3,44.333333333333336,-0.3333333333333286,-2.6111111111111094,-3.41684576085715,0.0,-1.2667949,1.9765732,-4.22294
2026_PA_Governor,PA,Governor,,Josh Shapiro,DEM,DEM,10,52.90999999999999,19.599999999999987,18.962261904761903,14.771404382895163,1.0,17.583471,13.396227,18.366112
2026_PA_Governor,PA,Governor,,Stacy Garrity,REP,REP,10,33.31,-19.599999999999987,-18.962261904761903,-14.771404382895163,0.0,-18.973093,-12.889192,-20.464388
2026_PA_House-1,PA,House,1,Brian Fitzpatrick,REP,REP,2,44.5,3.0,1.5,12.806193788948534,1.0,6.2065296,8.620878,3.1100063
2026_PA_House-1,PA,House,1,Bob Harvie,DEM,DEM,2,41.5,-3.0,-1.5,-12.806193788948534,0.0,-5.938348,-9.407404,-2.323778
2026_PA_House-10,PA,House,10,Janelle Stelson,DEM,DEM,4,49.0,4.75,3.75,-1.2642826002891638,0.0,3.0374885,0.22387113,5.697499
2026_PA_House-10,PA,House,10,Scott Perry,REP,REP,4,44.25,-4.75,-3.75,1.2642826002891638,1.0,-2.579512,-0.9104684,-5.565025
2026_PA_House-7,PA,House,7,Bob Brooks,DEM,DEM,1,47.0,4.0,4.0,-1.0071557149020407,0.0,0.9922946,0.47785145,4.0596514
2026_PA_House-7,PA,House,7,Ryan E. Mackenzie,REP,REP,1,43.0,-4.0,-4.0,1.0071557149020407,1.0,-0.7492583,0.18578088,-4.170118
2026_PA_House-8,PA,House,8,Paige Cognetti,DEM,DEM,3,46.0,1.6666666666666643,1.7222222222222214,-1.6235840383926217,0.0,0.8931607,-3.223246,1.8961278
2026_PA_House-8,PA,House,8,Rob Bresnahan Jr.,REP,REP,3,44.333333333333336,-1.6666666666666643,-1.7222222222222214,1.6235840383926217,1.0,-0.62201643,3.7286942,-2.0129836
2026_RI_Governor,RI,Governor,,Helena Foulkes,DEM,DEM,3,36.63333333333333,6.633333333333333,0.5277777777777786,19.05807028825454,1.0,-9.942971,-10.481037,-9.632695
2026_RI_Governor,RI,Governor,,Daniel McKee,DEM,DEM,3,29.2,-7.433333333333334,-7.711111111111111,19.05807028825454,1.0,-19.933681,-19.896961,-20.167242
2026_RI_Governor,RI,Governor,,Undecided/Other,OTH,OTH,2,30.0,-6.633333333333333,-0.5277777777777786,0.0,0.0,-24.991364,-24.489698,-26.443068
2026_RI_Governor,RI,Governor,,Republican nominee,OTH,OTH,2,21.5,-15.133333333333333,-15.566666666666666,0.0,0.0,-29.473175,-28.334986,-29.910597
2026_RI_Governor,RI,Governor,,Aaron Guckian,REP,REP,1,16.0,-20.633333333333333,-20.877777777777776,-19.05807028825454,0.0,-33.419415,-32.4514,-39.819477
2026_RI_Governor,RI,Governor,,Ken Block,OTH,OTH,4,18.725,-17.90833333333333,-18.425,0.0,0.0,-34.05083,-32.534424,-35.570454
2026_RI_Senate,RI,Senate,,Jack Reed,DEM,DEM,1,52.0,17.5,17.5,20.048053859350993,1.0,21.29807,18.73672,22.944754
2026_RI_Senate,RI,Senate,,Raymond McKay,REP,REP,2,34.5,-17.5,8.25,-20.048053859350993,0.0,-19.792055,-16.342764,-22.981922
2026_SC_House-1,SC,House,1,Mark Smith,REP,REP,1,39.0,3.0,3.0,16.613055527833012,1.0,5.0463657,7.748811,1.9814456
2026_SC_House-1,SC,House,1,Mac Deford,DEM,DEM,1,36.0,-3.0,-3.0,-16.613055527833012,0.0,-7.4197583,-11.569483,-4.560195
2026_SC_Senate,SC,Senate,,Lindsey Graham,REP,REP,3,45.666666666666664,4.666666666666664,5.388888888888888,25.868814213818233,1.0,7.508807,10.639993,6.244382
2026_SC_Senate,SC,Senate,,Annie Andrews,DEM,DEM,3,41.0,-4.666666666666664,-5.388888888888888,-25.868814213818233,0.0,-9.503256,-11.857443,-7.4384046
2026_SD_Senate,SD,Senate,,Mike Rounds,REP,REP,4,44.25,15.0,13.458333333333332,43.47709901729786,1.0,13.834257,15.524229,12.011537
2026_SD_Senate,SD,Senate,,Brian L. Bengs,OTH,OTH,4,29.25,-15.0,-13.583333333333332,-0.0,0.0,-21.86949,-21.966877,-21.528116
2026_SD_Senate,SD,Senate,,Julian Beaudion,DEM,DEM,3,26.666666666666668,-17.583333333333332,-14.583333333333334,-43.47709901729786,0.0,-29.857914,-31.805052,-24.542154
2026_TN_Governor,TN,Governor,,Marsha Blackburn,REP,REP,3,50.333333333333336,22.833333333333336,31.944444444444446,31.989065925160446,1.0,20.520538,24.27497,17.490023
2026_TN_Governor,TN,Governor,,Jerri Green,DEM,DEM,2,27.5,-22.833333333333336,-22.416666666666668,-31.989065925160446,0.0,-27.396677,-36.015144,-26.797056
2026_TN_Governor,TN,Governor,,Don't know/Someone else,OTH,OTH,1,22.0,-28.333333333333336,-28.333333333333336,-0.0,0.0,-40.274315,-41.21472,-39.214
2026_TN_House-5,TN,House,5,Andy Ogles,REP,REP,1,47.0,6.0,6.0,16.0,1.0,7.2963467,9.797092,4.9783373
2026_TN_House-5,TN,House,5,Chaz Molder,DEM,DEM,1,41.0,-6.0,-6.0,-16.0,0.0,-9.412721,-10.992882,-6.3833704
2026_TX_Governor,TX,Governor,,Greg Abbott,REP,REP,14,48.621428571428574,6.642857142857139,6.584122012247012,10.902789467682467,1.0,8.846902,11.581488,5.2617087
2026_TX_Governor,TX,Governor,,Gina Hinojosa,DEM,DEM,14,41.978571428571435,-6.642857142857139,-6.584122012247012,-10.902789467682467,0.0,-7.901927,-10.954508,-4.765992
2026_TX_House-15,TX,House,15,Monica De La Cruz,REP,REP,2,43.5,0.5,1.75,14.0,1.0,3.4188726,5.324052,-0.900312
2026_TX_House-15,TX,House,15,Bobby Pulido,DEM,DEM,2,43.0,-0.5,-1.75,-14.0,0.0,-3.722368,-7.009453,-0.3641264
2026_TX_House-23,TX,House,23,Brandon Herrera,REP,REP,1,42.0,2.0,2.0,14.0,1.0,2.4377234,5.748638,-2.3344328
2026_TX_House-23,TX,House,23,Katy Padilla Stout,DEM,DEM,1,40.0,-2.0,-2.0,-14.0,0.0,-12.522254,-15.115655,-8.356677
2026_TX_House-28,TX,House,28,Tano Tijerina,REP,REP,2,44.0,8.5,8.5,4.0,0.0,7.105643,8.941222,3.9910684
2026_TX_House-28,TX,House,28,Henry Cuellar,DEM,DEM,2,35.5,-8.5,-8.5,-4.0,1.0,-9.247641,-13.620618,-6.197116
2026_TX_House-28,TX,House,28,Other named candidates,OTH,OTH,1,9.0,-35.0,-35.0,0.0,0.0,-46.791164,-47.784943,-46.26994
2026_TX_House-34,TX,House,34,Eric Flores,REP,REP,2,42.5,2.0,1.5,-0.0,0.0,0.84925014,3.8518023,-3.5999978
2026_TX_House-34,TX,House,34,Vicente Gonzalez,DEM,DEM,2,40.5,-2.0,-1.5,0.0,1.0,-3.862872,-6.4322257,1.0253204
2026_TX_Senate,TX,Senate,,Ken Paxton,REP,REP,23,44.469565217391306,-0.06376811594202536,8.378487104559134,8.497205153378701,1.0,1.3206886,4.605114,-1.3237432
2026_TX_Senate,TX,Senate,,James Talarico,DEM,DEM,18,44.53333333333333,0.06376811594202536,-1.8906423627263957,-8.497205153378701,0.0,-1.9778074,-4.9668303,0.52635956
2026_VA_House-1,VA,House,1,Robert J. Wittman,REP,REP,2,43.5,2.5,1.75,6.0,1.0,5.074625,7.4037747,0.7699365
2026_VA_House-1,VA,House,1,Shannon Taylor,DEM,DEM,2,41.0,-2.5,-1.75,-6.0,0.0,-6.896114,-9.307487,-2.8458261
2026_VA_Senate,VA,Senate,,Mark R. Warner,DEM,DEM,4,48.75,10.75,9.25,8.922881002294432,1.0,11.375861,9.082474,14.068734
2026_VA_Senate,VA,Senate,,Glenn Youngkin,REP,REP,2,38.0,-10.75,-9.25,-8.922881002294432,0.0,-9.800817,-8.957152,-11.447825
2026_VA_Senate,VA,Senate,,Mark Moran,OTH,OTH,2,2.5,-46.25,-46.125,0.0,0.0,-51.109077,-49.895985,-53.216038
2026_VT_Governor,VT,Governor,,Phil Scott,REP,REP,2,42.0,12.0,13.0,51.598909715274736,1.0,5.292152,11.940283,1.1319516
2026_VT_Governor,VT,Governor,,Aly Richards,DEM,DEM,2,30.0,-12.0,-14.0,-51.598909715274736,0.0,-22.161674,-25.23723,-21.6507
2026_VT_Governor,VT,Governor,,Amanda Janoo,DEM,DEM,2,30.0,-12.0,-13.0,-51.598909715274736,0.0,-22.859983,-24.581514,-21.18264
2026_VT_Governor,VT,Governor,,June Goodband,OTH,OTH,2,4.0,-38.0,-36.5,-0.0,0.0,-49.043198,-49.449516,-47.3353
2026_VT_Governor,VT,Governor,,Dean Roy,OTH,OTH,2,1.0,-41.0,-40.5,-0.0,0.0,-49.687336,-49.687336,-49.392902
2026_VT_House-1,VT,House,1,Becca Balint,DEM,DEM,2,60.5,35.0,33.0,32.49908732060145,1.0,25.134756,24.706886,26.920177
2026_VT_House-1,VT,House,1,Mark Coester,REP,REP,2,25.5,-35.0,-33.0,-32.49908732060145,0.0,-37.648346,-37.192574,-39.201935
2026_VT_House-1,VT,House,1,Gerald Malloy,REP,REP,2,25.5,-35.0,-33.0,-32.49908732060145,0.0,-37.648346,-37.192574,-39.201935
2026_VT_House-1,VT,House,1,Adam Ortiz,OTH,OTH,2,1.5,-59.0,-57.5,0.0,0.0,-62.133785,-61.676697,-62.133785
2026_WA_House-3,WA,House,3,John Braun,REP,REP,4,41.25,6.0,7.166666666666666,-3.8766157574824973,0.0,2.4018257,5.5841427,-1.3168994
2026_WA_House-3,WA,House,3,Marie Gluesenkamp Perez,DEM,DEM,4,35.25,-6.0,-7.166666666666666,3.8766157574824973,1.0,-7.9818482,-12.11347,-4.224896
2026_WA_House-3,WA,House,3,Brent Hennrich,DEM,DEM,2,12.5,-28.75,-27.305555555555554,3.8766157574824973,1.0,-40.4149,-41.364822,-39.331104
2026_WA_House-4,WA,House,4,Amanda McKinney,REP,REP,1,20.0,-5.0,-5.0,52.01693260848936,1.0,-11.853421,-10.456496,-13.281014
2026_WA_House-4,WA,House,4,John Duresky,DEM,DEM,1,25.0,5.0,5.0,-52.01693260848936,0.0,-15.6400795,-18.251997,-11.050495
2026_WA_House-4,WA,House,4,Jerrod Sessler,REP,REP,1,14.0,-11.0,-11.0,52.01693260848936,1.0,-24.72296,-22.322096,-27.105194
2026_WA_House-4,WA,House,4,Matt Boehnke,REP,REP,1,7.0,-18.0,-18.0,52.01693260848936,1.0,-33.3098,-31.351511,-37.311054
2026_WA_House-4,WA,House,4,Wesley Meier,REP,REP,1,1.0,-24.0,-24.0,52.01693260848936,1.0,-38.079266,-37.41761,-39.61591
2026_WA_House-4,WA,House,4,Devin Pooré (C),OTH,OTH,1,5.0,-20.0,-20.0,-0.0,0.0,-40.226723,-38.590984,-42.123653
2026_WA_House-5,WA,House,5,Michael Baumgartner,REP,REP,2,46.0,17.5,23.75,21.28063913654143,1.0,2.870948,4.569041,1.6601644
2026_WA_House-5,WA,House,5,Carmela Conroy,DEM,DEM,2,28.0,-18.0,-24.0,-21.28063913654143,0.0,-27.509386,-30.101023,-25.856157
2026_WA_House-5,WA,House,5,Nate Powell,OTH,OTH,2,28.5,-17.5,-26.25,-0.0,0.0,-30.513887,-31.65439,-28.879457
2026_WA_House-5,WA,House,5,David Womack,DEM,DEM,2,24.0,-22.0,-29.5,-21.28063913654143,0.0,-34.639477,-35.889423,-31.707441
2026_WA_House-5,WA,House,5,Bajun Mavalwalla,DEM,DEM,2,24.0,-22.0,-29.5,-21.28063913654143,0.0,-34.672707,-35.922653,-31.925558
2026_WI_Governor,WI,Governor,,Mandela Barnes,DEM,DEM,3,47.333333333333336,1.9333333333333371,4.4250000000000025,3.396926018919693,1.0,-12.680015,-13.761719,-11.240426
2026_WI_Governor,WI,Governor,,Tom Tiffany,REP,REP,4,43.675,-3.6583333333333385,-4.856250000000003,-3.396926018919693,0.0,-15.503684,-13.846175,-17.778519
2026_WI_Governor,WI,Governor,,Sara Rodriguez,DEM,DEM,2,45.4,-1.9333333333333371,-2.56666666666667,3.396926018919693,1.0,-15.554376,-15.892012,-14.182252
2026_WI_Governor,WI,Governor,,Francesca Hong,DEM,DEM,3,43.1,-4.233333333333334,-6.361111111111112,3.396926018919693,1.0,-16.245447,-16.966454,-14.87739
2026_WI_House-1,WI,House,1,Bryan Steil,REP,REP,1,50.0,9.0,9.0,10.194082232720788,1.0,12.245884,14.367786,9.286204
2026_WI_House-1,WI,House,1,Mitchell Berman,DEM,DEM,1,41.0,-9.0,-9.0,-10.194082232720788,0.0,-15.175679,-15.303349,-13.875945
2026_WI_House-3,WI,House,3,Rebecca Cooke,DEM,DEM,4,48.25,2.75,2.145833333333332,-2.7242298169567363,0.0,-0.10900729,-2.8488169,3.4903584
2026_WI_House-3,WI,House,3,Derrick Van Orden,REP,REP,4,45.5,-2.75,-2.145833333333332,2.7242298169567363,1.0,-1.0048676,1.9149414,-3.876042
2026_WI_House-6,WI,House,6,Glenn Grothman,REP,REP,2,51.35,10.0,7.0,22.57134452739644,1.0,6.527311,10.178544,3.6222644
2026_WI_House-6,WI,House,6,Michael Thurow,OTH,OTH,2,41.35,-10.0,-7.0,-0.0,0.0,-20.99985,-20.967312,-20.830704
2026_WI_House-6,WI,House,6,Brad Smith,DEM,DEM,1,39.0,-12.350000000000001,-12.350000000000001,-22.57134452739644,0.0,-22.527693,-23.49774,-21.873299
