wrong,correct,note
Josh Elliot,Josh Elliott,"CT-Gov-DEM 2026: feed typo split his 14 polls into two 7-poll candidates. Correct spelling confirmed by CT Mirror / CT Public (two Ts)."
Brad Raffersperger,Brad Raffensperger,"GA-Gov-REP 2026: transposed 'ns'->'rs'. Georgia SoS, correct spelling has 'ns'."
Brad Raffensberger,Brad Raffensperger,"GA-Sen-REP 2026: 'b' for 'p'. Same person as the GA-Gov entry."
Charles WalkingChild,Charles Walking Child,"MT-Sen-REP 2026: missing space in surname."
Shelley deZavallos,Shelly deZevallos,"TX-House-38-REP 2026: two vowel differences in one feed."
Esther Kim-Varet,Esther Kim Varet,"CA-40 general 2026: hyphenated variant split her from herself. Unhyphenated is the form used by her own campaign site and Wikipedia. NOTE norm_name joins hyphens, so 'Kim-Varet'->'kimvaret e' but 'Kim Varet'->'varet e' - the hyphen rule makes these two different keys."
Joe Stranda,Joe Strada,"FL-11 general 2026: trailing-letter typo. Two rows for the same candidate, 42.1 and 42.0 in the same poll."
Robert Menendez,Bob Menendez,"NJ-Sen 2006 + 2012: polled as Robert, filed results as Bob. The nickname split him from his own results, so BOTH races had a winner the model could never pick (he won 57.2% and 58.9%)."
Charles William Young,Bill Young,"FL-House 2008 + 2012: C.W. Bill Young, 22-term incumbent. Polled under his full legal name, results filed under Bill - same split, two more unwinnable races."
