race_id,state,office,district,candidate,party,display_party,n_polls,n_surveys,poll_avg,poll_lead,prior_margin_cand,is_incumbent,win_prob,win_prob_norm,win_prob_R3,win_prob_D3,bias_fragile
2026_AK_Governor,AK,Governor,,Tom Begich,DEM,DEM,5,6,34.519999999999996,13.336666666666662,-26.07790651824441,0.0,0.8176216,0.80610096,0.7732989,0.82002604,0
2026_AK_Governor,AK,Governor,,Click Bishop,REP,REP,6,6,12.0,-22.519999999999996,26.07790651824441,1.0,0.05270144,0.051958855,0.05270144,0.05270144,0
2026_AK_Governor,AK,Governor,,Dave Bronson,REP,REP,4,6,20.375,-14.144999999999996,26.07790651824441,1.0,0.045786716,0.045141563,0.05694273,0.041738432,0
2026_AK_Governor,AK,Governor,,Jonathan Kreiss-Tomkins,DEM,DEM,1,6,15.5,-19.019999999999996,-26.07790651824441,0.0,0.031033019,0.030595751,0.030048436,0.031524118,0
2026_AK_Governor,AK,Governor,,Bernadette Wilson,REP,REP,6,6,21.183333333333334,-13.336666666666662,26.07790651824441,1.0,0.02838455,0.0279846,0.03545805,0.026635015,0
2026_AK_Governor,AK,Governor,,Bill Walker,OTH,OTH,1,6,10.5,-24.019999999999996,-0.0,0.0,0.024886582,0.02453592,0.024886582,0.024886582,0
2026_AK_Governor,AK,Governor,,RCV round,OTH,OTH,2,6,1.0,-33.519999999999996,-0.0,0.0,0.013877899,0.013682354,0.014085397,0.013877899,0
2026_AK_House-1,AK,House,1,Nick Begich,REP,REP,6,6,48.48333333333334,12.963333333333338,2.4471331009240416,1.0,0.95329297,0.99153125,0.9580096,0.93344367,0
2026_AK_House-1,AK,House,1,Matt Schultz,DEM,DEM,5,6,35.52,-12.963333333333338,-2.4471331009240416,0.0,0.008142154,0.00846875,0.0071602697,0.010735624,0
2026_AK_Senate,AK,Senate,,Mary S. Peltola,DEM,DEM,13,14,47.13076923076923,2.080769230769228,-42.50533954234023,0.0,0.58335745,0.51413935,0.4396888,0.8050476,1
2026_AK_Senate,AK,Senate,,Dan Sullivan,REP,REP,14,14,45.050000000000004,-2.080769230769228,42.50533954234023,1.0,0.5512715,0.48586056,0.7173915,0.37458488,1
2026_AL_Governor,AL,Governor,,Tommy Tuberville,REP,REP,1,1,52.6,18.5,37.72892064696602,1.0,0.97649264,0.966471,0.9766425,0.97536904,0
2026_AL_Governor,AL,Governor,,Doug Jones,DEM,DEM,1,1,34.1,-18.5,-37.72892064696602,0.0,0.033876713,0.03352904,0.031998646,0.035294615,0
2026_AL_House-2,AL,House,2,Shomari Figures,DEM,DEM,1,1,44.0,-1.0,10.0,1.0,0.56828153,0.52113,0.405677,0.6717752,1
2026_AL_House-2,AL,House,2,Rhett Marques,REP,REP,1,1,45.0,1.0,-10.0,0.0,0.52219784,0.47886997,0.672048,0.4167569,1
2026_AR_Senate,AR,Senate,,Tom Cotton,REP,REP,1,1,58.0,22.0,34.644171901662695,1.0,0.9787966,0.99160796,0.9820411,0.9787966,0
2026_AR_Senate,AR,Senate,,Hallie Shoffner,DEM,DEM,1,1,36.0,-22.0,-34.644171901662695,0.0,0.008283599,0.008392022,0.0060566696,0.008554973,0
2026_AZ_Governor,AZ,Governor,,Katie Hobbs,DEM,DEM,13,13,44.107692307692304,6.107692307692304,0.6687673496816728,1.0,0.75278956,0.8596814,0.6906447,0.92090994,0
2026_AZ_Governor,AZ,Governor,,Andy Biggs,REP,REP,11,13,38.0,-6.107692307692304,-0.6687673496816728,0.0,0.07438619,0.08494861,0.103086196,0.03581894,0
2026_AZ_Governor,AZ,Governor,,David Schweikert,REP,REP,3,13,36.333333333333336,-7.774358974358968,-0.6687673496816728,0.0,0.03758492,0.042921767,0.08570384,0.035438135,0
2026_AZ_Governor,AZ,Governor,,Hugh Lytle,OTH,OTH,1,13,6.0,-38.107692307692304,0.0,0.0,0.010900446,0.0124482475,0.012217302,0.010900446,0
2026_AZ_House-1,AZ,House,1,Thomas (Jay) Feely,REP,REP,1,1,42.0,2.0,3.8140040137720277,1.0,0.6586726,0.7811849,0.66319054,0.5932452,0
2026_AZ_House-1,AZ,House,1,Gina Swoboda,REP,REP,1,1,40.0,-2.0,3.8140040137720277,1.0,0.18449856,0.21881509,0.19525683,0.16484232,0
2026_AZ_House-2,AZ,House,2,Eli Crane,REP,REP,1,1,44.0,3.0,8.968311964392484,1.0,0.70351386,0.94112074,0.76841295,0.5414642,0
2026_AZ_House-2,AZ,House,2,Jonathan Nez,DEM,DEM,1,1,41.0,-3.0,-8.968311964392484,0.0,0.033274487,0.04451271,0.023868011,0.19491677,0
2026_AZ_House-2,AZ,House,2,Curtis Goodwin,OTH,OTH,1,1,7.0,-37.0,-0.0,0.0,0.010739352,0.014366493,0.010739352,0.010900446,0
2026_AZ_House-6,AZ,House,6,Juan Ciscomani,REP,REP,4,4,43.75,-2.0,2.5096238578915546,1.0,0.58449495,0.5525589,0.6875854,0.38364056,1
2026_AZ_House-6,AZ,House,6,JoAnna Mendoza,DEM,DEM,4,4,45.75,2.0,-2.5096238578915546,0.0,0.47330165,0.44744107,0.3609789,0.6670061,1
2026_CA_Governor,CA,Governor,,Xavier Becerra,DEM,DEM,4,4,53.25,19.5,18.358980588052205,1.0,0.9858742,0.9705442,0.9858742,0.9858742,0
2026_CA_Governor,CA,Governor,,Steve Hilton,REP,REP,4,4,33.75,-19.5,-18.358980588052205,0.0,0.01769679,0.017421613,0.019460592,0.012736048,0
2026_CA_Governor,CA,Governor,,Neither/would not vote,OTH,OTH,1,4,1.0,-52.25,0.0,0.0,0.01222429,0.012034207,0.01222429,0.01222429,0
2026_CA_House-11,CA,House,11,Nancy Pelosi,DEM,DEM,1,1,47.0,13.0,72.0,1.0,0.9137516,0.9538903,0.8950241,0.9291561,0
2026_CA_House-11,CA,House,11,Saikat Chakrabarti,DEM,DEM,1,1,34.0,-13.0,72.0,1.0,0.04416945,0.0461097,0.043832675,0.04416945,0
2026_CA_House-14,CA,House,14,Aisha Wahab,DEM,DEM,1,1,29.0,20.0,40.0,1.0,0.9123129,0.8532401,0.89905167,0.9096943,0
2026_CA_House-14,CA,House,14,Melissa Hernandez,DEM,DEM,1,1,9.0,-20.0,40.0,1.0,0.033792377,0.031604297,0.033792377,0.033792377,0
2026_CA_House-14,CA,House,14,Victor Aguilar Jr.,DEM,DEM,1,1,1.0,-28.0,40.0,1.0,0.031260803,0.029236646,0.031260803,0.031260803,0
2026_CA_House-14,CA,House,14,Rakhi Singh,DEM,DEM,1,1,2.0,-27.0,40.0,1.0,0.031260803,0.029236646,0.031260803,0.031260803,0
2026_CA_House-14,CA,House,14,Carin Elam,DEM,DEM,1,1,0.0,-29.0,40.0,1.0,0.016101077,0.015058522,0.016101077,0.016101077,0
2026_CA_House-14,CA,House,14,Matt Ortega,DEM,DEM,1,1,2.0,-27.0,40.0,1.0,0.013294269,0.012433457,0.013294269,0.013294269,0
2026_CA_House-14,CA,House,14,Dena Maldonado,REP,REP,1,1,8.0,-21.0,-40.0,0.0,0.012457588,0.011650952,0.01637894,0.012457588,0
2026_CA_House-14,CA,House,14,Suzanne Chenault,OTH,OTH,1,1,1.0,-28.0,0.0,0.0,0.012217302,0.011426224,0.012217302,0.012217302,0
2026_CA_House-14,CA,House,14,Wendy Huang,REP,REP,1,1,9.0,-20.0,-40.0,0.0,0.0065364093,0.0061131725,0.008181334,0.0065364093,0
2026_CA_House-22,CA,House,22,Randy Villegas,DEM,DEM,1,2,48.0,5.0,-2.0,0.0,0.47590998,0.5473422,0.28354135,0.67622954,1
2026_CA_House-22,CA,House,22,David G. Valadao,REP,REP,2,2,43.0,-5.0,2.0,1.0,0.3935826,0.45265782,0.5945122,0.17284936,1
2026_CA_House-3,CA,House,3,Kevin Kiley,REP,REP,1,1,47.0,2.0,4.0,1.0,0.741099,0.71716225,0.8662955,0.61365694,0
2026_CA_House-3,CA,House,3,Heidi Hall,DEM,DEM,1,1,45.0,-2.0,-4.0,0.0,0.29227805,0.28283775,0.19306542,0.40415972,0
2026_CA_House-40,CA,House,40,Young Kim,REP,REP,1,1,44.0,0.0,2.0,1.0,0.5329883,0.4622927,0.5563903,0.43104962,0
2026_CA_House-40,CA,House,40,Ken Calvert,REP,REP,1,1,44.0,0.0,2.0,1.0,0.46760765,0.40558413,0.49115804,0.36831167,0
2026_CA_House-40,CA,House,40,Esther Kim-Varet,DEM,DEM,1,1,43.0,-1.0,-2.0,0.0,0.15232798,0.13212319,0.049757656,0.22187051,0
2026_CA_House-48,CA,House,48,Darrell Issa,REP,REP,1,1,40.0,-3.0,14.0,1.0,0.5265948,0.60941297,0.6809924,0.40096453,1
2026_CA_House-48,CA,House,48,Ammar Campa-Najjar,DEM,DEM,1,1,43.0,3.0,-14.0,0.0,0.33750698,0.39058706,0.18731876,0.41922146,1
2026_CO_House-3,CO,House,3,Jeff Hurd,REP,REP,2,2,47.0,7.0,4.981474168224111,1.0,0.9093085,0.95518327,0.9597629,0.80357146,0
2026_CO_House-3,CO,House,3,Alex Kelloff,DEM,DEM,2,2,40.0,-7.0,-4.981474168224111,0.0,0.04266428,0.0448167,0.017968668,0.090931736,0
2026_CO_House-5,CO,House,5,Jeff Crank,REP,REP,1,1,43.0,3.0,13.795655716199235,1.0,0.7499455,0.82054394,0.81536245,0.628795,0
2026_CO_House-5,CO,House,5,Jessica Killin,DEM,DEM,1,1,40.0,-3.0,-13.795655716199235,0.0,0.15730081,0.17210881,0.06548327,0.350792,0
2026_CO_House-5,CO,House,5,Matt Cavanaugh,OTH,OTH,1,1,5.0,-38.0,-0.0,0.0,0.0067150686,0.007347212,0.0067150686,0.0067150686,0
2026_CT_Governor,CT,Governor,,Ned Lamont,DEM,DEM,3,3,49.666666666666664,13.666666666666664,11.355723924048036,1.0,0.9777485,0.96212566,0.9634788,0.98434824,0
2026_CT_Governor,CT,Governor,,Ryan Fazio,REP,REP,1,3,36.0,-13.666666666666664,-11.355723924048036,0.0,0.038489327,0.03787433,0.054977097,0.028884199,0
2026_FL_Governor,FL,Governor,,Byron Donalds,REP,REP,19,21,42.310526315789474,3.9205263157894734,19.403160228936898,1.0,0.79356426,0.8261065,0.9146006,0.6748791,0
2026_FL_Governor,FL,Governor,,David W. Jolly,DEM,DEM,20,21,38.39,-3.9205263157894734,-19.403160228936898,0.0,0.15676734,0.163196,0.058946345,0.3861999,0
2026_FL_Governor,FL,Governor,,Desmond Meade,OTH,OTH,1,21,4.0,-38.310526315789474,-0.0,0.0,0.010276112,0.010697511,0.009468552,0.010276112,0
2026_FL_House-13,FL,House,13,Anna Paulina Luna,REP,REP,1,1,41.0,2.0,10.0,1.0,0.66822803,0.87997925,0.81528044,0.56037277,0
2026_FL_House-13,FL,House,13,Leela Gray,DEM,DEM,1,1,39.0,-2.0,-10.0,0.0,0.09113989,0.120020725,0.038111035,0.1266997,0
2026_FL_House-14,FL,House,14,Kathy Castor,DEM,DEM,1,1,46.2,7.700000000000003,10.0,1.0,0.9195247,0.90235686,0.8375322,0.95710355,0
2026_FL_House-14,FL,House,14,Kevin Steele,REP,REP,1,1,38.5,-7.700000000000003,-10.0,0.0,0.05055913,0.049615175,0.08883088,0.048214074,0
2026_FL_House-14,FL,House,14,Mike Beltran,REP,REP,1,1,37.5,-8.700000000000003,-10.0,0.0,0.048941694,0.048027936,0.07857176,0.03991158,0
2026_FL_House-25,FL,House,25,Oliver Larkin,DEM,DEM,1,2,43.0,2.8999999999999986,10.0,1.0,0.32989508,0.50001127,0.273497,0.36358017,0
2026_FL_House-25,FL,House,25,Jared Moskowitz,DEM,DEM,1,2,40.1,-2.8999999999999986,10.0,1.0,0.28884196,0.43778837,0.2724081,0.32940963,0
2026_FL_House-25,FL,House,25,George Moraitis,REP,REP,2,2,36.25,-6.75,-10.0,0.0,0.021853423,0.03312252,0.0393181,0.018100543,0
2026_FL_House-25,FL,House,25,Scott Singer,REP,REP,2,2,32.85,-10.149999999999999,-10.0,0.0,0.019184839,0.029077837,0.022537053,0.01814378,0
2026_FL_House-27,FL,House,27,María Elvira Salazar,REP,REP,3,3,45.666666666666664,2.6666666666666643,12.0,1.0,0.7534686,0.92433095,0.8411919,0.56538546,0
2026_FL_House-27,FL,House,27,Eliott Rodriguez,DEM,DEM,1,3,43.0,-2.6666666666666643,-12.0,0.0,0.044077016,0.054072265,0.019241637,0.12416284,0
2026_FL_House-27,FL,House,27,Robin Peguero,DEM,DEM,1,3,40.0,-5.666666666666664,-12.0,0.0,0.017604612,0.02159677,0.009790914,0.030276403,0
2026_FL_House-28,FL,House,28,Carlos A. Gimenez,REP,REP,1,1,46.0,6.0,20.0,1.0,0.8593259,0.8709485,0.95684606,0.8043122,0
2026_FL_House-28,FL,House,28,Hector Mujica,DEM,DEM,1,1,40.0,-6.0,-20.0,0.0,0.12732938,0.12905154,0.032018367,0.18673497,0
2026_FL_House-7,FL,House,7,Cory Mills,REP,REP,1,1,39.0,-2.0,10.0,1.0,0.53114206,0.74941874,0.63402253,0.32865438,1
2026_FL_House-7,FL,House,7,Bale Dalton,DEM,DEM,1,1,41.0,2.0,-10.0,0.0,0.17759661,0.25058123,0.12820283,0.35877132,1
2026_FL_Senate,FL,Senate,,Ashley Moody,REP,REP,14,14,46.714285714285715,5.88095238095238,12.778416922706803,,0.84130114,0.92885065,0.9581199,0.75732714,0
2026_FL_Senate,FL,Senate,,Alexander Vindman,DEM,DEM,12,14,40.833333333333336,-5.88095238095238,-12.778416922706803,,0.04549598,0.050230492,0.030681565,0.07061788,0
2026_FL_Senate,FL,Senate,,Angie Nixon,DEM,DEM,4,14,38.5,-8.214285714285715,-12.778416922706803,,0.018947119,0.02091884,0.018404577,0.029926203,0
2026_FL_Senate-S,FL,Senate,S,Ashley Moody,REP,REP,14,14,46.83571428571429,5.5523809523809575,,,0.826475,0.8197805,0.95370585,0.73801607,0
2026_FL_Senate-S,FL,Senate,S,Alexander Vindman,DEM,DEM,12,14,41.28333333333333,-5.5523809523809575,,,0.111529365,0.110625975,0.06670315,0.16837892,0
2026_FL_Senate-S,FL,Senate,S,Angie Nixon,DEM,DEM,4,14,38.475,-8.360714285714288,,,0.070161834,0.06959352,0.05761926,0.111529365,0
2026_GA_Governor,GA,Governor,,Keisha Lance Bottoms,DEM,DEM,5,5,48.94,5.899999999999999,-7.535245540050518,0.0,0.84144336,0.7563295,0.73309755,0.94767267,0
2026_GA_Governor,GA,Governor,,Rick Jackson,REP,REP,5,5,43.04,-5.899999999999999,7.535245540050518,1.0,0.27109206,0.24367048,0.33694336,0.10379051,0
2026_GA_Senate,GA,Senate,,Jon Ossoff,DEM,DEM,20,20,47.63,5.711818181818181,0.9572085233353107,1.0,0.88435185,0.79760927,0.7497706,0.96772265,0
2026_GA_Senate,GA,Senate,,Mike Collins,REP,REP,11,20,41.91818181818182,-5.711818181818181,-0.9572085233353107,0.0,0.22440141,0.20239078,0.3192183,0.10537319,0
2026_IA_Governor,IA,Governor,,Rob Sand,DEM,DEM,6,6,49.98333333333333,6.258333333333326,-18.516627055056873,0.0,0.85342985,0.75534594,0.7664343,0.9587922,0
2026_IA_Governor,IA,Governor,,Zach Lahn,REP,REP,4,6,43.725,-6.258333333333326,18.516627055056873,1.0,0.2764231,0.24465403,0.3735855,0.11633446,0
2026_IA_House-1,IA,House,1,Christina Bohannan,DEM,DEM,1,1,43.0,4.0,-0.19295881452286778,0.0,0.64657784,0.6096965,0.478698,0.7871258,1
2026_IA_House-1,IA,House,1,Mariannette Miller-Meeks,REP,REP,1,1,39.0,-4.0,0.19295881452286778,1.0,0.41391352,0.39030355,0.54515195,0.2765843,1
2026_IA_House-2,IA,House,2,Joe Mitchell,REP,REP,1,1,33.0,-3.0,15.557653827525307,1.0,0.43374476,0.5591511,0.6068482,0.29580492,1
2026_IA_House-2,IA,House,2,Lindsay James,DEM,DEM,1,1,36.0,3.0,-15.557653827525307,0.0,0.34197533,0.44084886,0.21119313,0.4262886,1
2026_IA_House-3,IA,House,3,Sarah Trone Garriott,DEM,DEM,2,3,47.5,3.5,-3.8226710744602244,0.0,0.5679069,0.5171951,0.42191583,0.7422841,1
2026_IA_House-3,IA,House,3,Zach Nunn,REP,REP,3,3,44.0,-3.5,3.8226710744602244,1.0,0.5301447,0.48280492,0.6726428,0.32517472,1
2026_IA_Senate,IA,Senate,,Ashley Hinson,REP,REP,8,9,45.9375,0.8041666666666671,12.178645226302457,1.0,0.74473536,0.71768796,0.8508766,0.57198286,0
2026_IA_Senate,IA,Senate,,Josh Turek,DEM,DEM,9,9,45.13333333333333,-0.8041666666666671,-12.178645226302457,0.0,0.29295143,0.282312,0.16769715,0.47211063,0
2026_ID_Senate,ID,Senate,,James E. Risch,REP,REP,3,3,47.666666666666664,21.999999999999996,31.94012421939785,1.0,0.98062897,0.96140164,0.9807342,0.9763856,0
2026_ID_Senate,ID,Senate,,Todd Achilles,OTH,OTH,3,3,25.666666666666668,-21.999999999999996,-0.0,0.0,0.010707695,0.010497748,0.010707695,0.010707695,0
2026_ID_Senate,ID,Senate,,Natalie Fleming,OTH,OTH,1,3,5.0,-42.666666666666664,-0.0,0.0,0.010467515,0.010262277,0.010155705,0.010467515,0
2026_ID_Senate,ID,Senate,,Matt Loesby,OTH,OTH,1,3,2.0,-45.666666666666664,-0.0,0.0,0.010155705,0.009956581,0.010155705,0.010155705,0
2026_ID_Senate,ID,Senate,,David Roth,DEM,DEM,2,3,24.0,-23.666666666666664,-31.94012421939785,0.0,0.0080394065,0.007881776,0.0080394065,0.0080394065,0
2026_IL_Governor,IL,Governor,,J.B. Pritzker,DEM,DEM,1,1,54.3,20.299999999999997,12.538334702516856,1.0,0.9770205,0.9687597,0.9764349,0.9770205,0
2026_IL_Governor,IL,Governor,,Darren Bailey,REP,REP,1,1,34.0,-20.299999999999997,-12.538334702516856,0.0,0.031506628,0.031240238,0.03448617,0.03126325,0
2026_KS_Senate,KS,Senate,,Roger Marshall,REP,REP,2,2,51.5,6.0,22.962398353758765,1.0,0.89854693,0.8796195,0.96801746,0.83099455,0
2026_KS_Senate,KS,Senate,,Patrick Schmidt,DEM,DEM,2,2,45.5,-6.0,-22.962398353758765,0.0,0.122970775,0.12038046,0.049108896,0.19780587,0
2026_KY_House-6,KY,House,6,Ralph Alvarado,REP,REP,2,2,39.5,1.0,26.074331183820235,1.0,0.6678417,0.86201227,0.7696093,0.5679492,0
2026_KY_House-6,KY,House,6,Zach Dembo,DEM,DEM,2,2,38.5,-1.0,-26.074331183820235,0.0,0.106905654,0.13798778,0.050242886,0.14941983,0
2026_KY_Senate,KY,Senate,,Andy Barr,REP,REP,1,1,49.0,3.0,23.61672181509376,1.0,0.86678076,0.74590313,0.8780192,0.8381551,0
2026_KY_Senate,KY,Senate,,Daniel Cameron,REP,REP,1,1,46.0,-3.0,23.61672181509376,1.0,0.18445961,0.15873565,0.23641168,0.17094079,0
2026_KY_Senate,KY,Senate,,Nate Morris,REP,REP,1,1,41.0,-8.0,23.61672181509376,1.0,0.08716682,0.0750109,0.110889375,0.083013505,0
2026_KY_Senate,KY,Senate,,Charles Booker,DEM,DEM,1,1,36.0,-13.0,-23.61672181509376,0.0,0.016101666,0.013856195,0.013668588,0.018285735,0
2026_KY_Senate,KY,Senate,,Amy McGrath,DEM,DEM,1,1,35.0,-14.0,-23.61672181509376,0.0,0.0075464807,0.00649408,0.007463924,0.010116845,0
2026_MA_Governor,MA,Governor,,Maura Healey,DEM,DEM,11,11,50.21818181818182,20.384848484848487,29.073053508232746,1.0,0.98409593,0.9749668,0.98276824,0.98466253,0
2026_MA_Governor,MA,Governor,,Brian Shortsleeve,REP,REP,10,11,26.170000000000005,-24.048181818181813,-29.073053508232746,0.0,0.012856115,0.012736852,0.012856115,0.012856115,0
2026_MA_Governor,MA,Governor,,Mike Minogue,REP,REP,6,11,29.833333333333332,-20.384848484848487,-29.073053508232746,0.0,0.012411529,0.012296392,0.0132394945,0.012411529,0
2026_MA_Senate,MA,Senate,,Seth Moulton,DEM,DEM,5,11,54.160000000000004,6.250909090909097,19.811804149519574,1.0,0.8891542,0.7153272,0.88583934,0.8904661,0
2026_MA_Senate,MA,Senate,,Edward J. Markey,DEM,DEM,11,11,47.90909090909091,-6.250909090909097,19.811804149519574,1.0,0.34633896,0.27863073,0.32679257,0.3493742,0
2026_MA_Senate,MA,Senate,,John Deaton,REP,REP,8,11,27.4,-26.760000000000005,-19.811804149519574,0.0,0.007510354,0.006042102,0.007510354,0.0068931035,0
2026_MD_Governor,MD,Governor,,Wes Moore,DEM,DEM,2,2,47.45,10.450000000000003,32.41255461362651,1.0,0.9618639,0.938247,0.9290597,0.974614,0
2026_MD_Governor,MD,Governor,,Larry Hogan,REP,REP,1,2,37.0,-10.450000000000003,-32.41255461362651,0.0,0.063307405,0.061753,0.09104185,0.037791383,0
2026_ME_Governor,ME,Governor,,Hannah Pingree,DEM,DEM,5,5,50.92,13.119999999999997,13.24283153989471,1.0,0.9714622,0.94193685,0.9535015,0.97905743,0
2026_ME_Governor,ME,Governor,,Bobby Charles,REP,REP,3,5,37.800000000000004,-13.119999999999997,-13.24283153989471,0.0,0.02726706,0.02643834,0.045213215,0.02726706,0
2026_ME_Governor,ME,Governor,,Rick Bennett,OTH,OTH,3,5,7.366666666666667,-43.553333333333335,0.0,0.0,0.018653257,0.018086335,0.018653257,0.018653257,0
2026_ME_Governor,ME,Governor,,Robert Charles,REP,REP,3,5,37.666666666666664,-13.253333333333337,-13.24283153989471,0.0,0.013962898,0.013538528,0.023690421,0.013962898,0
2026_ME_House-2,ME,House,2,Paul R. LePage,REP,REP,13,13,46.53846153846154,3.53846153846154,-0.4935046220850552,0.0,0.783104,0.81489325,0.92506725,0.6127966,0
2026_ME_House-2,ME,House,2,Matt Dunlap,DEM,DEM,4,13,43.0,-3.53846153846154,0.4935046220850552,1.0,0.17788568,0.18510675,0.08161783,0.3149185,0
2026_ME_Senate,ME,Senate,,Troy Jackson,DEM,DEM,3,29,48.666666666666664,1.6386666666666656,-23.81229120521649,0.0,0.61268663,0.4133208,0.55034757,0.6702902,0
2026_ME_Senate,ME,Senate,,Shenna Bellows,DEM,DEM,1,29,47.0,-1.6666666666666643,-23.81229120521649,0.0,0.413759,0.27912343,0.3250119,0.5018947,0
2026_ME_Senate,ME,Senate,,Graham Platner,DEM,DEM,25,29,47.028,-1.6386666666666656,-23.81229120521649,0.0,0.172941,0.116666675,0.09835802,0.19131243,0
2026_ME_Senate,ME,Senate,,Susan M. Collins,REP,REP,29,29,43.893103448275866,-4.773563218390798,23.81229120521649,1.0,0.13993219,0.094398804,0.40909255,0.08370761,0
2026_ME_Senate,ME,Senate,,Nirav Shah,DEM,DEM,1,29,45.0,-3.6666666666666643,-23.81229120521649,0.0,0.08835969,0.059607793,0.08569554,0.11639895,0
2026_ME_Senate,ME,Senate,,Janet T. Mills,DEM,DEM,15,29,44.093333333333334,-4.573333333333331,-23.81229120521649,0.0,0.04491955,0.030302905,0.03675514,0.047037974,0
2026_ME_Senate,ME,Senate,,Jordan Wood,DEM,DEM,2,29,40.0,-8.666666666666664,-23.81229120521649,0.0,0.009753318,0.0065796264,0.0096166385,0.011116964,0
2026_MI_Governor,MI,Governor,,Jocelyn Benson,DEM,DEM,23,24,36.417391304347824,3.7219367588932784,10.530545686974278,1.0,0.7925745,0.7678019,0.67390186,0.9207617,0
2026_MI_Governor,MI,Governor,,John James,REP,REP,22,24,32.695454545454545,-3.7219367588932784,-10.530545686974278,0.0,0.10517351,0.10188622,0.2703121,0.05072628,0
2026_MI_Governor,MI,Governor,,Mike Cox,REP,REP,9,24,31.333333333333332,-5.0840579710144915,-10.530545686974278,0.0,0.08381077,0.08119119,0.20506258,0.04797487,0
2026_MI_Governor,MI,Governor,,Perry Johnson,REP,REP,4,24,31.5,-4.917391304347824,-10.530545686974278,0.0,0.05070551,0.049120665,0.17020857,0.027748352,0
2026_MI_House-10,MI,House,10,Mike Bouchard,REP,REP,1,1,43.0,-1.0,6.1307168334897,1.0,0.25461552,0.40349275,0.3633379,0.11671885,1
2026_MI_House-10,MI,House,10,Christina Hines,DEM,DEM,1,1,44.0,1.0,-6.1307168334897,0.0,0.17979276,0.2849201,0.1077412,0.20559375,1
2026_MI_House-10,MI,House,10,Tim Greimel,DEM,DEM,1,1,42.0,-2.0,-6.1307168334897,0.0,0.15593392,0.24711065,0.06461101,0.17791988,1
2026_MI_House-10,MI,House,10,Eric Chung,DEM,DEM,1,1,41.0,-3.0,-6.1307168334897,0.0,0.040686533,0.06447651,0.023731774,0.05517937,1
2026_MI_House-4,MI,House,4,Bill Huizenga,REP,REP,3,3,45.666666666666664,1.6666666666666643,11.70643727234939,1.0,0.6950094,0.577911,0.8530906,0.59513557,1
2026_MI_House-4,MI,House,4,Sean McCann,DEM,DEM,3,3,44.0,-1.6666666666666643,-11.70643727234939,0.0,0.5076142,0.422089,0.27671957,0.63008446,1
2026_MI_House-7,MI,House,7,William Lawrence,DEM,DEM,1,4,48.0,2.5,-3.7175768220850145,0.0,0.28461966,0.48544,0.15447664,0.3294204,1
2026_MI_House-7,MI,House,7,Tom Barrett,REP,REP,4,4,44.5,-3.5,3.7175768220850145,1.0,0.22919023,0.39090097,0.550546,0.14245024,1
2026_MI_House-7,MI,House,7,Bridget Brink,DEM,DEM,4,4,45.5,-2.5,-3.7175768220850145,0.0,0.036339592,0.061979875,0.03442943,0.05107853,1
2026_MI_House-7,MI,House,7,Matt Maasdam,DEM,DEM,4,4,44.75,-3.25,-3.7175768220850145,0.0,0.036163304,0.061679203,0.033645287,0.048530757,1
2026_MI_Senate,MI,Senate,,Mike Rogers,REP,REP,23,23,43.98695652173914,0.4869565217391383,-0.3407811142068624,0.0,0.38265282,0.3540312,0.57110864,0.107043296,1
2026_MI_Senate,MI,Senate,,Haley Stevens,DEM,DEM,19,23,43.5,-0.4869565217391383,0.3407811142068624,1.0,0.36416805,0.33692905,0.12740247,0.5088649,1
2026_MI_Senate,MI,Senate,,Mallory McMorrow,DEM,DEM,17,23,42.45882352941177,-1.5281329923273717,0.3407811142068624,1.0,0.17477997,0.1617068,0.04854408,0.19482684,1
2026_MI_Senate,MI,Senate,,Abdul El-Sayed,DEM,DEM,16,23,42.75,-1.2369565217391383,0.3407811142068624,1.0,0.15924412,0.147333,0.048098356,0.18739589,1
2026_MN_Governor,MN,Governor,,Amy Klobuchar,OTH,OTH,3,5,50.26666666666667,0.9333333333333371,0.0,0.0,0.6642884,0.5627062,0.5602468,0.678345,0
2026_MN_Governor,MN,Governor,,Amy Klobuchar (DFL),OTH,OTH,3,5,49.333333333333336,-0.9333333333333371,0.0,0.0,0.41913977,0.35504538,0.51577324,0.41006845,0
2026_MN_Governor,MN,Governor,,Lisa Demuth,REP,REP,4,5,37.925,-12.341666666666676,-7.663639177093209,0.0,0.057251386,0.04849657,0.058166604,0.04323326,0
2026_MN_Governor,MN,Governor,,Kendall Qualls,REP,REP,4,5,36.0,-14.266666666666673,-7.663639177093209,0.0,0.021121273,0.017891431,0.025707353,0.014939687,0
2026_MN_Governor,MN,Governor,,Michael James Lindell,REP,REP,4,5,33.725,-16.54166666666667,-7.663639177093209,0.0,0.018723551,0.015860368,0.024568196,0.013282791,0
2026_MN_House-1,MN,House,1,Brad Finstad,REP,REP,2,2,48.0,6.5,17.09582336911184,1.0,0.9085547,0.93581635,0.9566506,0.80501145,0
2026_MN_House-1,MN,House,1,Jake Johnson,DEM,DEM,2,2,41.5,-6.5,-17.09582336911184,0.0,0.06231391,0.064183675,0.024903161,0.14921194,0
2026_MN_Senate,MN,Senate,,Angie Craig,DEM,DEM,4,4,48.4,-0.10000000000000142,15.7001658345674,1.0,0.71641207,0.30672583,0.6009058,0.7755701,0
2026_MN_Senate,MN,Senate,,Peggy Flanagan,DEM,DEM,4,4,48.025,-0.4750000000000014,15.7001658345674,1.0,0.6586717,0.28200477,0.5551698,0.7104864,0
2026_MN_Senate,MN,Senate,,Angie Craig (DFL),OTH,OTH,4,4,48.5,0.10000000000000142,0.0,0.0,0.47898948,0.20507534,0.49771416,0.405084,0
2026_MN_Senate,MN,Senate,,Peggy Flanagan (DFL),OTH,OTH,4,4,48.0,-0.5,0.0,0.0,0.43364924,0.1856633,0.43364924,0.405084,0
2026_MN_Senate,MN,Senate,,Michele Tafoya,REP,REP,3,4,43.06666666666666,-5.433333333333337,-15.7001658345674,0.0,0.04795331,0.020530809,0.059883494,0.019769842,0
2026_MO_House-2,MO,House,2,Ann Wagner,REP,REP,2,2,45.0,4.0,8.0,1.0,0.8126618,0.95804507,0.9212734,0.67851555,0
2026_MO_House-2,MO,House,2,Fred Wellman,DEM,DEM,1,2,41.0,-4.0,-8.0,0.0,0.020043727,0.023629501,0.010448152,0.079765685,0
2026_MO_House-2,MO,House,2,Don't know/Someone else,OTH,OTH,1,2,15.0,-30.0,-0.0,0.0,0.015544544,0.018325426,0.015544544,0.015544544,0
2026_MS_Senate,MS,Senate,,Generic Opponent,OTH,OTH,2,2,49.5,9.5,-0.0,0.0,0.8523785,0.8201524,0.8137079,0.8561485,0
2026_MS_Senate,MS,Senate,,Cindy Hyde-Smith,REP,REP,2,2,40.0,-9.5,25.624382405477704,1.0,0.14667137,0.14112613,0.16581602,0.1426228,0
2026_MS_Senate,MS,Senate,,Scott Colom,DEM,DEM,2,2,38.5,-11.0,-25.624382405477704,0.0,0.035284154,0.033950157,0.030481078,0.037029177,0
2026_MS_Senate,MS,Senate,,Ty Pinkins,OTH,OTH,1,2,6.0,-43.5,-0.0,0.0,0.0049587903,0.004771312,0.0049587903,0.0049587903,0
2026_MT_House-1,MT,House,1,Aaron Flint,REP,REP,2,3,46.0,4.333333333333336,7.678749852606238,1.0,0.66312414,0.8319121,0.8605521,0.5615159,0
2026_MT_House-1,MT,House,1,Sam Forstag,DEM,DEM,3,3,41.666666666666664,-4.333333333333336,-7.678749852606238,0.0,0.0862811,0.108242616,0.03087924,0.3122048,0
2026_MT_House-1,MT,House,1,Tim Sheehy,REP,REP,1,3,5.0,-41.0,7.678749852606238,1.0,0.04770314,0.059845235,0.04770314,0.04770314,0
2026_MT_Senate,MT,Senate,,Kurt Alme,REP,REP,6,9,45.63333333333333,16.883333333333333,7.143045341220102,1.0,0.90941447,0.97650516,0.9282837,0.8837375,0
2026_MT_Senate,MT,Senate,,Seth Bodnar,OTH,OTH,9,9,26.455555555555556,-19.177777777777777,-0.0,0.0,0.0094337985,0.010129763,0.0094337985,0.009971705,0
2026_MT_Senate,MT,Senate,,Alani Bankhead,DEM,DEM,4,9,28.75,-16.883333333333333,-7.143045341220102,0.0,0.0068823267,0.00739006,0.0068823267,0.00743903,0
2026_MT_Senate,MT,Senate,,Kyle Austin,OTH,OTH,2,9,4.0,-41.63333333333333,-0.0,0.0,0.0055645076,0.0059750206,0.0055645076,0.0055645076,0
2026_NC_House-1,NC,House,1,Don Davis,DEM,DEM,3,3,42.666666666666664,2.3333333333333286,-2.0,1.0,0.72805935,0.86473703,0.47107226,0.816331,0
2026_NC_House-1,NC,House,1,Laurie Buckhout,REP,REP,3,3,40.333333333333336,-2.3333333333333286,2.0,0.0,0.10324489,0.12262693,0.34330606,0.051031794,0
2026_NC_House-1,NC,House,1,Thomas Aaron Bailey,OTH,OTH,2,3,8.5,-34.166666666666664,0.0,0.0,0.010638851,0.012636069,0.010638851,0.010638851,0
2026_NC_House-10,NC,House,10,Pat Harrigan,REP,REP,1,1,52.0,15.0,18.0,1.0,0.9789028,0.98857087,0.9789028,0.97358465,0
2026_NC_House-10,NC,House,10,Ashley Bell,DEM,DEM,1,1,37.0,-15.0,-18.0,0.0,0.011317376,0.011429151,0.008774305,0.011674581,0
2026_NC_House-11,NC,House,11,Chuck Edwards,REP,REP,1,1,44.0,-1.0,10.0,1.0,0.55416733,0.61860555,0.64054394,0.422289,1
2026_NC_House-11,NC,House,11,Jamie Ager,DEM,DEM,1,1,45.0,1.0,-10.0,0.0,0.34166583,0.3813945,0.2727466,0.47955215,1
2026_NC_House-14,NC,House,14,Tim Moore,REP,REP,1,1,48.0,8.0,16.0,1.0,0.9480337,0.98264664,0.9706572,0.8692908,0
2026_NC_House-14,NC,House,14,LaKesha Womack,DEM,DEM,1,1,40.0,-8.0,-16.0,0.0,0.016742112,0.01735337,0.009322314,0.0443338,0
2026_NC_Senate,NC,Senate,,Roy A. Cooper,DEM,DEM,23,23,47.91304347826087,8.048043478260865,-3.22574063494654,0.0,0.89305663,0.92460626,0.7281521,0.9525753,0
2026_NC_Senate,NC,Senate,,Michael Whatley,REP,REP,20,23,39.865,-8.048043478260865,3.22574063494654,1.0,0.07282115,0.07539375,0.19264108,0.04879687,0
2026_NE_Governor,NE,Governor,,Jim Pillen,REP,REP,4,4,46.0,6.0,23.242585040284396,1.0,0.8555321,0.7996836,0.9644617,0.7712291,0
2026_NE_Governor,NE,Governor,,Lynne Walz,DEM,DEM,4,4,40.0,-6.0,-23.242585040284396,0.0,0.21430624,0.20031647,0.06246716,0.3078767,0
2026_NE_House-1,NE,House,1,Mike Flood,REP,REP,2,2,42.5,7.0,20.208167097677666,1.0,0.8874099,0.9746865,0.94902676,0.769541,0
2026_NE_House-1,NE,House,1,Austin Ahlman,OTH,OTH,2,2,22.5,-20.0,-0.0,0.0,0.012435076,0.013658063,0.012435076,0.013264603,0
2026_NE_House-1,NE,House,1,Chris Backemeyer,DEM,DEM,2,2,35.5,-7.0,-20.208167097677666,0.0,0.010611797,0.011655465,0.008915764,0.01950659,0
2026_NE_House-2,NE,House,2,John Cavanaugh,DEM,DEM,1,1,46.0,2.0,-1.8530233622725873,0.0,0.4367455,0.5694165,0.40119895,0.4912231,0
2026_NE_House-2,NE,House,2,Denise Powell,DEM,DEM,1,1,44.0,-2.0,-1.8530233622725873,0.0,0.33025986,0.43058354,0.3086099,0.34674054,0
2026_NE_Senate,NE,Senate,,Pete Ricketts,REP,REP,5,5,47.6,1.0,16.05975443783806,1.0,0.7687468,0.79740024,0.8543227,0.66242045,0
2026_NE_Senate,NE,Senate,,Dan Osborn,DEM,IND,5,5,46.6,-1.0,-16.05975443783806,0.0,0.19531967,0.2025998,0.09002018,0.28738952,0
2026_NH_Governor,NH,Governor,,Kelly Ayotte,REP,REP,10,10,45.9,7.699999999999996,9.338991092962132,1.0,0.9169414,0.95633924,0.9577659,0.83437246,0
2026_NH_Governor,NH,Governor,,Cinde Warmington,DEM,DEM,5,10,38.2,-7.699999999999996,-9.338991092962132,0.0,0.041862074,0.043660745,0.02045332,0.1108426,0
2026_NH_House-2,NH,House,2,Maggie Goodlander,DEM,DEM,8,9,48.625,13.736111111111114,5.960137360782149,1.0,0.979229,0.99177325,0.9670862,0.98474747,0
2026_NH_House-2,NH,House,2,Lily Tang Williams,REP,REP,9,9,34.888888888888886,-13.736111111111114,-5.960137360782149,0.0,0.008122703,0.008226758,0.011124446,0.0075152284,0
2026_NH_Senate,NH,Senate,,Chris Pappas,DEM,DEM,20,21,46.855000000000004,5.2350000000000065,9.06075123797254,1.0,0.81869054,0.87828404,0.70968354,0.9390909,0
2026_NH_Senate,NH,Senate,,John E. Sununu,REP,REP,15,21,41.62,-5.2350000000000065,-9.06075123797254,0.0,0.074699715,0.0801372,0.16328566,0.044159707,0
2026_NH_Senate,NH,Senate,,Scott Brown,REP,REP,15,21,37.28,-9.575000000000003,-9.06075123797254,0.0,0.038757563,0.041578773,0.047139734,0.02948069,0
2026_NJ_House-2,NJ,House,2,Jeff Van Drew,REP,REP,1,1,46.0,0.0,16.9067865023411,1.0,0.79214,1.0,0.8212293,0.7798325,0
2026_NJ_House-7,NJ,House,7,Thomas H. Kean Jr.,REP,REP,1,1,43.0,-4.0,5.402435801742243,1.0,0.22245328,0.3614042,0.461069,0.12205154,1
2026_NJ_House-7,NJ,House,7,Rebecca Bennett,DEM,DEM,1,1,47.0,1.0,-5.402435801742243,0.0,0.21761285,0.3535403,0.1683371,0.26612347,1
2026_NJ_House-7,NJ,House,7,Tina Shah,DEM,DEM,1,1,46.0,-1.0,-5.402435801742243,0.0,0.16134444,0.26212496,0.14092037,0.22282293,1
2026_NJ_House-7,NJ,House,7,Don't know/Would not vote,OTH,OTH,1,1,10.0,-37.0,-0.0,0.0,0.014114349,0.02293059,0.014114349,0.014114349,1
2026_NM_House-2,NM,House,2,Gabe Vasquez,DEM,DEM,1,1,43.0,2.0,4.157966546309773,1.0,0.7527322,0.8364178,0.64841765,0.86301833,0
2026_NM_House-2,NM,House,2,Greg Cunningham,REP,REP,1,1,41.0,-2.0,-4.157966546309773,0.0,0.1472154,0.16358218,0.25384185,0.06733799,0
2026_NV_Governor,NV,Governor,,Joe Lombardo,REP,REP,7,7,43.58571428571429,2.0,1.5098064806083116,1.0,0.66689175,0.6652913,0.80079746,0.5299137,1
2026_NV_Governor,NV,Governor,,Aaron Ford,DEM,DEM,7,7,41.58571428571429,-2.0,-1.5098064806083116,0.0,0.33551392,0.33470872,0.20645547,0.5632304,1
2026_NV_House-2,NV,House,2,Teresa Benitez-Thompson,DEM,DEM,1,1,48.0,2.0,-55.03698846800673,0.0,0.5154957,0.55119985,0.32035437,0.6767668,1
2026_NV_House-2,NV,House,2,David Flippo,REP,REP,1,1,46.0,-2.0,55.03698846800673,1.0,0.41972896,0.44880015,0.61105233,0.27123156,1
2026_NY_Governor,NY,Governor,,Kathy C. Hochul,DEM,DEM,28,28,46.11071428571428,13.039285714285711,7.267882507713594,1.0,0.9769419,0.96868026,0.9596484,0.98426646,0
2026_NY_Governor,NY,Governor,,Bruce Blakeman,REP,REP,14,28,33.07142857142857,-13.039285714285711,-7.267882507713594,0.0,0.03158677,0.031319655,0.045241363,0.029754048,0
2026_NY_House-1,NY,House,1,Nicholas J. LaLota,REP,REP,1,1,41.0,3.0,4.6708119970738835,1.0,0.7457503,0.90043706,0.82521707,0.62692934,0
2026_NY_House-1,NY,House,1,Chris Gallant,DEM,DEM,1,1,38.0,-3.0,-4.6708119970738835,0.0,0.082458995,0.099562995,0.051681176,0.1637517,0
2026_NY_House-17,NY,House,17,Cait Conley,DEM,DEM,1,1,51.0,6.0,-1.8510808731304778,0.0,0.55077076,0.58925885,0.4571869,0.7939032,0
2026_NY_House-17,NY,House,17,Mike Lawler,REP,REP,1,1,45.0,-6.0,1.8510808731304778,1.0,0.38391313,0.41074112,0.44847834,0.20518018,0
2026_NY_House-21,NY,House,21,Anthony Constantino,REP,REP,1,1,45.0,1.0,21.27552776502983,1.0,0.5253267,0.7665444,0.6628217,0.43337095,0
2026_NY_House-21,NY,House,21,Blake Gendebien,DEM,DEM,1,1,44.0,-1.0,-21.27552776502983,0.0,0.15999132,0.23345558,0.0801258,0.2228549,0
2026_OH_Governor,OH,Governor,,Vivek G. Ramaswamy,REP,REP,16,16,46.725,0.6062499999999957,25.02940232563145,1.0,0.7148113,0.6132482,0.8888368,0.47659189,1
2026_OH_Governor,OH,Governor,,Amy Acton,DEM,DEM,16,16,46.118750000000006,-0.6062499999999957,-25.02940232563145,0.0,0.45080364,0.38675177,0.260311,0.6981103,1
2026_OH_House-7,OH,House,7,Max Miller,REP,REP,1,1,44.0,1.0,10.0,1.0,0.748146,0.71299917,0.83607334,0.6593445,0
2026_OH_House-7,OH,House,7,Brian Poindexter,DEM,DEM,1,1,43.0,-1.0,-10.0,0.0,0.30114833,0.2870008,0.13368139,0.37951732,0
2026_OH_House-9,OH,House,9,Derek Merrin,REP,REP,1,1,47.0,4.0,6.0,0.0,0.6459374,0.612123,0.8185681,0.46286392,1
2026_OH_House-9,OH,House,9,Marcy Kaptur,DEM,DEM,1,1,43.0,-4.0,-6.0,1.0,0.39821398,0.37736776,0.15578428,0.60345113,1
2026_OH_House-9,OH,House,9,David Gedert,OTH,OTH,1,1,3.0,-44.0,0.0,0.0,0.01108979,0.010509247,0.01108979,0.01108979,1
2026_OH_Senate-S,OH,Senate,S,Jon Husted,REP,REP,14,14,47.25714285714285,0.5142857142857125,,,0.6977235,0.5315093,0.86407065,0.4244636,1
2026_OH_Senate-S,OH,Senate,S,Sherrod Brown,DEM,DEM,14,14,46.74285714285714,-0.5142857142857125,,,0.6149978,0.46849078,0.35862485,0.8342338,1
2026_OR_Governor,OR,Governor,,Tina Kotek,DEM,DEM,3,3,44.666666666666664,0.3333333333333286,3.41684576085715,1.0,0.65939677,0.54278266,0.4176566,0.79219913,1
2026_OR_Governor,OR,Governor,,Christine Drazan,REP,REP,3,3,44.333333333333336,-0.3333333333333286,-3.41684576085715,0.0,0.5554482,0.45721734,0.7472683,0.3161037,1
2026_PA_Governor,PA,Governor,,Josh Shapiro,DEM,DEM,10,10,52.90999999999999,19.599999999999987,14.771404382895163,1.0,0.98449165,0.96501976,0.98425716,0.98459125,0
2026_PA_Governor,PA,Governor,,Stacy Garrity,REP,REP,10,10,33.31,-19.599999999999987,-14.771404382895163,0.0,0.035686042,0.034980223,0.0391713,0.032527458,0
2026_PA_House-1,PA,House,1,Brian Fitzpatrick,REP,REP,2,2,44.5,3.0,12.806193788948534,1.0,0.8268647,0.76489264,0.8829369,0.7056551,0
2026_PA_House-1,PA,House,1,Bob Harvie,DEM,DEM,2,2,41.5,-3.0,-12.806193788948534,0.0,0.2541558,0.23510729,0.1861961,0.484174,0
2026_PA_House-10,PA,House,10,Janelle Stelson,DEM,DEM,4,4,49.0,4.75,-1.2642826002891638,0.0,0.6725069,0.6552624,0.508353,0.82276344,1
2026_PA_House-10,PA,House,10,Scott Perry,REP,REP,4,4,44.25,-4.75,1.2642826002891638,1.0,0.35381007,0.34473762,0.5699308,0.22254412,1
2026_PA_House-7,PA,House,7,Bob Brooks,DEM,DEM,1,1,47.0,4.0,-1.0071557149020407,0.0,0.697183,0.61184186,0.51607585,0.854823,1
2026_PA_House-7,PA,House,7,Ryan E. Mackenzie,REP,REP,1,1,43.0,-4.0,1.0071557149020407,1.0,0.44229937,0.38815814,0.60780275,0.23612721,1
2026_PA_House-8,PA,House,8,Rob Bresnahan Jr.,REP,REP,3,3,44.333333333333336,-1.6666666666666643,1.6235840383926217,1.0,0.586454,0.5184454,0.69268566,0.38180465,1
2026_PA_House-8,PA,House,8,Paige Cognetti,DEM,DEM,3,3,46.0,1.6666666666666643,-1.6235840383926217,0.0,0.544724,0.48155466,0.4038551,0.732295,1
2026_RI_Governor,RI,Governor,,Helena Foulkes,DEM,DEM,3,4,36.63333333333333,6.633333333333333,19.05807028825454,1.0,0.8720173,0.84416777,0.8229366,0.90174323,0
2026_RI_Governor,RI,Governor,,Daniel McKee,DEM,DEM,3,4,29.2,-7.433333333333334,19.05807028825454,1.0,0.09476786,0.091741264,0.09476786,0.09357322,0
2026_RI_Governor,RI,Governor,,Undecided/Other,OTH,OTH,2,4,30.0,-6.633333333333333,0.0,0.0,0.02363078,0.022876084,0.04052773,0.022181695,0
2026_RI_Governor,RI,Governor,,Republican nominee,OTH,OTH,2,4,21.5,-15.133333333333333,0.0,0.0,0.016916849,0.016376575,0.017120989,0.016685525,0
2026_RI_Governor,RI,Governor,,Ken Block,OTH,OTH,4,4,18.725,-17.90833333333333,0.0,0.0,0.013090495,0.012672424,0.013090495,0.012103134,0
2026_RI_Governor,RI,Governor,,Aaron Guckian,REP,REP,1,4,16.0,-20.633333333333333,-19.05807028825454,0.0,0.012567227,0.012165868,0.015236168,0.01239462,0
2026_RI_Senate,RI,Senate,,Jack Reed,DEM,DEM,1,2,52.0,17.5,20.048053859350993,1.0,0.98318684,0.9938986,0.9827071,0.98318684,0
2026_RI_Senate,RI,Senate,,Raymond McKay,REP,REP,2,2,34.5,-17.5,-20.048053859350993,0.0,0.0060356935,0.006101452,0.0071857963,0.0056900033,0
2026_SC_House-1,SC,House,1,Mark Smith,REP,REP,1,1,39.0,3.0,16.613055527833012,1.0,0.7630246,0.8291753,0.8260156,0.6479335,0
2026_SC_House-1,SC,House,1,Mac Deford,DEM,DEM,1,1,36.0,-3.0,-16.613055527833012,0.0,0.15719654,0.17082474,0.06738872,0.26840183,0
2026_SC_Senate,SC,Senate,,Lindsey Graham,REP,REP,3,3,45.666666666666664,4.666666666666664,25.868814213818233,1.0,0.8336704,0.92255086,0.929488,0.6823434,0
2026_SC_Senate,SC,Senate,,Annie Andrews,DEM,DEM,3,3,41.0,-4.666666666666664,-25.868814213818233,0.0,0.06998754,0.07744916,0.031677287,0.19663629,0
2026_SD_Senate,SD,Senate,,Mike Rounds,REP,REP,4,4,44.25,15.0,43.47709901729786,1.0,0.9555685,0.9874966,0.96569234,0.94950455,0
2026_SD_Senate,SD,Senate,,Brian L. Bengs,OTH,OTH,4,4,29.25,-15.0,-0.0,0.0,0.006353623,0.0065659145,0.0054855533,0.006353623,0
2026_SD_Senate,SD,Senate,,Julian Beaudion,DEM,DEM,3,4,26.666666666666668,-17.583333333333332,-43.47709901729786,0.0,0.005745546,0.00593752,0.0054163807,0.006654479,0
2026_TN_Governor,TN,Governor,,Marsha Blackburn,REP,REP,3,3,50.333333333333336,22.833333333333336,31.989065925160446,1.0,0.9793911,0.9659269,0.9848145,0.9778136,0
2026_TN_Governor,TN,Governor,,Jerri Green,DEM,DEM,2,3,27.5,-22.833333333333336,-31.989065925160446,0.0,0.019003466,0.018742215,0.019003466,0.019003466,0
2026_TN_Governor,TN,Governor,,Don't know/Someone else,OTH,OTH,1,3,22.0,-28.333333333333336,-0.0,0.0,0.015544544,0.0153308455,0.015544544,0.015544544,0
2026_TN_House-5,TN,House,5,Andy Ogles,REP,REP,1,1,47.0,6.0,16.0,1.0,0.81358814,0.84596837,0.94234455,0.73777574,0
2026_TN_House-5,TN,House,5,Chaz Molder,DEM,DEM,1,1,41.0,-6.0,-16.0,0.0,0.14813595,0.15403165,0.049554642,0.19485837,0
2026_TX_Governor,TX,Governor,,Greg Abbott,REP,REP,14,14,48.621428571428574,6.642857142857139,10.902789467682467,1.0,0.9513604,0.8800055,0.9766035,0.8509477,0
2026_TX_Governor,TX,Governor,,Gina Hinojosa,DEM,DEM,14,14,41.978571428571435,-6.642857142857139,-10.902789467682467,0.0,0.12972425,0.119994536,0.058658037,0.29169607,0
2026_TX_House-15,TX,House,15,Monica De La Cruz,REP,REP,2,2,43.5,0.5,14.0,1.0,0.7048236,0.67959344,0.82780707,0.5218505,0
2026_TX_House-15,TX,House,15,Bobby Pulido,DEM,DEM,2,2,43.0,-0.5,-14.0,0.0,0.33230174,0.32040653,0.12490244,0.47121885,0
2026_TX_House-23,TX,House,23,Brandon Herrera,REP,REP,1,1,42.0,2.0,14.0,1.0,0.5427424,0.8344403,0.70056504,0.40305826,0
2026_TX_House-23,TX,House,23,Katy Padilla Stout,DEM,DEM,1,1,40.0,-2.0,-14.0,0.0,0.10768449,0.16555972,0.042716455,0.15519516,0
2026_TX_House-28,TX,House,28,Tano Tijerina,REP,REP,2,2,44.0,8.5,4.0,0.0,0.87116265,0.88055134,0.9051875,0.6916579,0
2026_TX_House-28,TX,House,28,Henry Cuellar,DEM,DEM,2,2,35.5,-8.5,-4.0,1.0,0.10426867,0.10539239,0.10153581,0.16469136,0
2026_TX_House-28,TX,House,28,Other named candidates,OTH,OTH,1,2,9.0,-35.0,0.0,0.0,0.013906431,0.014056304,0.013906431,0.014114349,0
2026_TX_House-34,TX,House,34,Vicente Gonzalez,DEM,DEM,2,2,40.5,-2.0,0.0,1.0,0.5393922,0.57312757,0.33779034,0.67356485,1
2026_TX_House-34,TX,House,34,Eric Flores,REP,REP,2,2,42.5,2.0,-0.0,0.0,0.40174586,0.4268724,0.5999658,0.2647322,1
2026_TX_Senate,TX,Senate,,Ken Paxton,REP,REP,23,23,44.469565217391306,-0.06376811594202536,8.497205153378701,1.0,0.6613751,0.61892706,0.8133111,0.41979942,1
2026_TX_Senate,TX,Senate,,James Talarico,DEM,DEM,18,23,44.53333333333333,0.06376811594202536,-8.497205153378701,0.0,0.40720817,0.38107294,0.17673783,0.5802489,1
2026_VA_House-1,VA,House,1,Robert J. Wittman,REP,REP,2,2,43.5,2.5,6.0,1.0,0.7926723,0.83068115,0.8519326,0.6594872,0
2026_VA_House-1,VA,House,1,Shannon Taylor,DEM,DEM,2,2,41.0,-2.5,-6.0,0.0,0.16157144,0.16931884,0.11088808,0.34532288,0
2026_VA_Senate,VA,Senate,,Mark R. Warner,DEM,DEM,4,4,48.75,10.75,8.922881002294432,1.0,0.97193944,0.93840075,0.9493234,0.9779283,0
2026_VA_Senate,VA,Senate,,Glenn Youngkin,REP,REP,2,4,38.0,-10.75,-8.922881002294432,0.0,0.054531015,0.052649315,0.10179385,0.052645355,0
2026_VA_Senate,VA,Senate,,Mark Moran,OTH,OTH,2,4,2.5,-46.25,0.0,0.0,0.009269821,0.0089499485,0.01006061,0.009269821,0
2026_VT_Governor,VT,Governor,,Phil Scott,REP,REP,2,2,42.0,12.0,51.598909715274736,1.0,0.940136,0.9510958,0.94908917,0.90733445,0
2026_VT_Governor,VT,Governor,,Aly Richards,DEM,DEM,2,2,30.0,-12.0,-51.598909715274736,0.0,0.014825094,0.01499792,0.014088064,0.024457458,0
2026_VT_Governor,VT,Governor,,Amanda Janoo,DEM,DEM,2,2,30.0,-12.0,-51.598909715274736,0.0,0.014313411,0.014480272,0.01402907,0.017658386,0
2026_VT_Governor,VT,Governor,,June Goodband,OTH,OTH,2,2,4.0,-38.0,-0.0,0.0,0.009691286,0.009804264,0.009691286,0.009691286,0
2026_VT_Governor,VT,Governor,,Dean Roy,OTH,OTH,2,2,1.0,-41.0,-0.0,0.0,0.009510853,0.009621728,0.009510853,0.009510853,0
2026_VT_House-1,VT,House,1,Becca Balint,DEM,DEM,2,2,60.5,35.0,32.49908732060145,1.0,0.97975326,0.9685868,0.97975326,0.9808015,0
2026_VT_House-1,VT,House,1,Mark Coester,REP,REP,2,2,25.5,-35.0,-32.49908732060145,0.0,0.011048335,0.010922414,0.011387237,0.010180723,0
2026_VT_House-1,VT,House,1,Gerald Malloy,REP,REP,2,2,25.5,-35.0,-32.49908732060145,0.0,0.011048335,0.010922414,0.011387237,0.010180723,0
2026_VT_House-1,VT,House,1,Adam Ortiz,OTH,OTH,2,2,1.5,-59.0,0.0,0.0,0.009678719,0.009568408,0.009678719,0.009678719,0
2026_WA_House-3,WA,House,3,John Braun,REP,REP,4,4,41.25,6.0,-3.8766157574824973,0.0,0.5284862,0.72571695,0.8022997,0.42136744,0
2026_WA_House-3,WA,House,3,Marie Gluesenkamp Perez,DEM,DEM,4,4,35.25,-6.0,3.8766157574824973,1.0,0.18952516,0.26025584,0.1350141,0.24290678,0
2026_WA_House-3,WA,House,3,Brent Hennrich,DEM,DEM,2,4,12.5,-28.75,3.8766157574824973,1.0,0.010214958,0.0140271755,0.010275675,0.010594234,0
2026_WA_House-4,WA,House,4,John Duresky,DEM,DEM,1,1,25.0,5.0,-52.01693260848936,0.0,0.22884814,0.47716093,0.12843524,0.3493853,1
2026_WA_House-4,WA,House,4,Amanda McKinney,REP,REP,1,1,20.0,-5.0,52.01693260848936,1.0,0.1362344,0.28405622,0.34707904,0.09728911,1
2026_WA_House-4,WA,House,4,Matt Boehnke,REP,REP,1,1,7.0,-18.0,52.01693260848936,1.0,0.039307773,0.08195887,0.039307773,0.03764757,1
2026_WA_House-4,WA,House,4,Wesley Meier,REP,REP,1,1,1.0,-24.0,52.01693260848936,1.0,0.033836614,0.0705512,0.033836614,0.027682979,1
2026_WA_House-4,WA,House,4,Jerrod Sessler,REP,REP,1,1,14.0,-11.0,52.01693260848936,1.0,0.022218553,0.0463269,0.027347542,0.021424921,1
2026_WA_House-4,WA,House,4,Devin Pooré (C),OTH,OTH,1,1,5.0,-20.0,-0.0,0.0,0.019158192,0.03994588,0.020139832,0.019158192,1
2026_WA_House-5,WA,House,5,Michael Baumgartner,REP,REP,2,2,46.0,17.5,21.28063913654143,1.0,0.97242683,0.9608883,0.97620595,0.9654638,0
2026_WA_House-5,WA,House,5,Nate Powell,OTH,OTH,2,2,28.5,-17.5,-0.0,0.0,0.011129657,0.010997595,0.011129657,0.011129657,0
2026_WA_House-5,WA,House,5,Carmela Conroy,DEM,DEM,2,2,28.0,-18.0,-21.28063913654143,0.0,0.010660866,0.0105343675,0.008797701,0.0132985115,0
2026_WA_House-5,WA,House,5,Bajun Mavalwalla,DEM,DEM,2,2,24.0,-22.0,-21.28063913654143,0.0,0.008895428,0.008789877,0.008390484,0.0107790595,0
2026_WA_House-5,WA,House,5,David Womack,DEM,DEM,2,2,24.0,-22.0,-21.28063913654143,0.0,0.008895428,0.008789877,0.008390484,0.0107790595,0
2026_WI_Governor,WI,Governor,,Mandela Barnes,DEM,DEM,3,4,47.333333333333336,1.9333333333333371,3.396926018919693,1.0,0.7021863,0.44754946,0.5968084,0.7648726,0
2026_WI_Governor,WI,Governor,,Sara Rodriguez,DEM,DEM,2,4,45.4,-1.9333333333333371,3.396926018919693,1.0,0.49406633,0.31490093,0.44288123,0.59187514,0
2026_WI_Governor,WI,Governor,,Francesca Hong,DEM,DEM,3,4,43.1,-4.233333333333334,3.396926018919693,1.0,0.23700264,0.15105736,0.19642684,0.2850087,0
2026_WI_Governor,WI,Governor,,Tom Tiffany,REP,REP,4,4,43.675,-3.6583333333333385,-3.396926018919693,0.0,0.13570267,0.08649223,0.3292729,0.06607366,0
2026_WI_House-1,WI,House,1,Bryan Steil,REP,REP,1,1,50.0,9.0,10.194082232720788,1.0,0.966465,0.9835142,0.9739266,0.90132576,0
2026_WI_House-1,WI,House,1,Mitchell Berman,DEM,DEM,1,1,41.0,-9.0,-10.194082232720788,0.0,0.016200006,0.016485788,0.010460701,0.05494461,0
2026_WI_House-3,WI,House,3,Rebecca Cooke,DEM,DEM,4,4,48.25,2.75,-2.7242298169567363,0.0,0.59773654,0.59591085,0.4269309,0.71982753,1
2026_WI_House-3,WI,House,3,Derrick Van Orden,REP,REP,4,4,45.5,-2.75,2.7242298169567363,1.0,0.4053272,0.4040892,0.68078595,0.35420904,1
2026_WI_House-6,WI,House,6,Glenn Grothman,REP,REP,2,2,51.35,10.0,22.57134452739644,1.0,0.96317333,0.97653776,0.96667826,0.95574987,0
2026_WI_House-6,WI,House,6,Brad Smith,DEM,DEM,1,2,39.0,-12.350000000000001,-22.57134452739644,0.0,0.012718564,0.012895039,0.009395279,0.012953196,0
2026_WI_House-6,WI,House,6,Michael Thurow,OTH,OTH,2,2,41.35,-10.0,-0.0,0.0,0.010422586,0.010567204,0.010422586,0.010850715,0
